wlbWellboreName,wlbWell,wlbPurpose,wlbEntryDate,wlbField,wlbDiscovery,wlbMainArea,wlbReclassFromWellbore,wlbReentry,wlbNpdidWellbore,dscNpdidDiscovery,fldNpdidField
1/2-1,1/2-1,WILDCAT,20.03.1989,BLANE,1/2-1 BLANE,NORTH SEA,,NO,1382,43814.0,3437650.0
1/2-2,1/2-2,WILDCAT,14.12.2005,,,NORTH SEA,,NO,5192,,
1/3-1,1/3-1,WILDCAT,06.07.1968,,1/3-1,NORTH SEA,,NO,154,43820.0,
1/3-2,1/3-2,WILDCAT,14.05.1969,,,NORTH SEA,,NO,165,,
1/3-3,1/3-3,WILDCAT,22.08.1982,TAMBAR,1/3-3 TAMBAR,NORTH SEA,,NO,87,43826.0,1028599.0
1/3-4,1/3-4,WILDCAT,15.02.1983,TAMBAR,1/3-3 TAMBAR,NORTH SEA,,NO,2,43826.0,1028599.0
1/3-5,1/3-5,WILDCAT,01.10.1984,,,NORTH SEA,,NO,223,,
1/3-6,1/3-6,WILDCAT,11.03.1991,OSELVAR,1/3-6 OSELVAR,NORTH SEA,,NO,1521,43832.0,5506919.0
1/3-8,1/3-8,WILDCAT,12.12.1996,,,NORTH SEA,,NO,2829,,
1/3-11,1/3-11,WILDCAT,28.05.2008,,1/3-11 (Ipswich),NORTH SEA,,NO,5806,4999216.0,
1/3-12 S,1/3-12,WILDCAT,01.12.2009,,,NORTH SEA,,NO,6260,,
1/5-1,1/5-1,WILDCAT,12.10.1973,,,NORTH SEA,,NO,237,,
1/5-2,1/5-2,WILDCAT,19.10.1973,FLYNDRE,1/5-2 FLYNDRE,NORTH SEA,,NO,238,43838.0,24635035.0
1/5-3 S,1/5-3,WILDCAT,10.06.1998,,1/5-3 S,NORTH SEA,,NO,3257,3000726.0,
1/5-4 S,1/5-4,WILDCAT,15.04.2002,,,NORTH SEA,,NO,4521,,
1/5-5,1/5-5,WILDCAT,24.02.2016,,,NORTH SEA,,NO,7874,,
1/6-1,1/6-1,WILDCAT,10.07.1972,ALBUSKJELL,1/6-1 ALBUSKJELL,NORTH SEA,,NO,239,43844.0,43437.0
1/6-2,1/6-2,WILDCAT,28.11.1972,,,NORTH SEA,,NO,240,,
1/6-4,1/6-4,WILDCAT,29.12.1975,,,NORTH SEA,,NO,242,,
1/6-5,1/6-5,WILDCAT,20.07.1990,,,NORTH SEA,,NO,1508,,
1/6-6,1/6-6,WILDCAT,10.02.1992,,,NORTH SEA,,NO,1839,,
1/6-7,1/6-7,WILDCAT,16.03.1992,,,NORTH SEA,,NO,1928,,
1/9-1,1/9-1,WILDCAT,14.10.1976,,1/9-1 TOMMELITEN ALPHA,NORTH SEA,,NO,243,43850.0,
1/9-1 R,1/9-1,WILDCAT,08.05.1987,,1/9-1 TOMMELITEN ALPHA,NORTH SEA,,YES,1444,43850.0,
1/9-4,1/9-4,WILDCAT,13.08.1977,TOMMELITEN GAMMA,1/9-4 TOMMELITEN GAMMA,NORTH SEA,,NO,247,43856.0,43444.0
1/9-4 R,1/9-4,WILDCAT,21.04.1991,TOMMELITEN GAMMA,1/9-4 TOMMELITEN GAMMA,NORTH SEA,,YES,1727,43856.0,43444.0
1/9-7,1/9-7,WILDCAT,22.03.2003,,1/9-1 TOMMELITEN ALPHA,NORTH SEA,,NO,4652,43850.0,
2/1-1,2/1-1,WILDCAT,28.08.1972,,,NORTH SEA,,NO,249,,
2/1-2,2/1-2,WILDCAT,14.12.1977,,,NORTH SEA,,NO,250,,
2/1-3,2/1-3,WILDCAT,03.11.1979,GYDA,2/1-3 GYDA,NORTH SEA,,NO,251,44012.0,43492.0
2/1-5,2/1-5,WILDCAT,13.11.1982,,,NORTH SEA,,NO,63,,
2/1-7,2/1-7,WILDCAT,06.09.1984,,,NORTH SEA,,NO,137,,
2/1-9,2/1-9,WILDCAT,15.04.1991,GYDA,2/1-9 GYDA SØR,NORTH SEA,,NO,1667,44018.0,43492.0
2/1-10,2/1-10,WILDCAT,09.11.1991,,,NORTH SEA,,NO,1865,,
2/1-11,2/1-11,WILDCAT,14.01.1997,,2/1-11,NORTH SEA,,NO,2699,43988.0,
2/1-12,2/1-12,WILDCAT,08.01.1999,,,NORTH SEA,,NO,3648,,
2/1-13 S,2/1-13,WILDCAT,07.11.2008,,,NORTH SEA,,NO,5975,,
2/1-14 S,2/1-14,WILDCAT,07.12.2008,,,NORTH SEA,,NO,5995,,
2/1-15,2/1-15,WILDCAT,18.07.2013,,,NORTH SEA,,NO,7219,,
2/1-16 S,2/1-16,WILDCAT,10.05.2013,,,NORTH SEA,,NO,7180,,
2/2-1,2/2-1,WILDCAT,09.04.1982,,2/2-1 (Møyfrid),NORTH SEA,,NO,46,44024.0,
2/2-2,2/2-2,WILDCAT,04.07.1982,,2/2-2 (Desmond),NORTH SEA,,NO,80,44030.0,
2/2-3,2/2-3,WILDCAT,04.02.1983,,,NORTH SEA,,NO,3,,
2/2-5,2/2-5,WILDCAT,07.11.1991,,2/2-5 (Bumblebee),NORTH SEA,,NO,1846,44036.0,
2/2-6,2/2-6,WILDCAT,27.03.2010,,,NORTH SEA,,NO,6346,,
2/3-1,2/3-1,WILDCAT,10.02.1969,,2/3-1 (Løven),NORTH SEA,,NO,162,44042.0,
2/3-3,2/3-3,WILDCAT,08.10.1971,,,NORTH SEA,,NO,198,,
2/3-4,2/3-4,WILDCAT,28.05.1984,,,NORTH SEA,,NO,129,,
2/4-1,2/4-1,WILDCAT,25.08.1969,,,NORTH SEA,,NO,895,,
2/4-2,2/4-2,WILDCAT,18.09.1969,EKOFISK,2/4-2 EKOFISK,NORTH SEA,,NO,172,44072.0,43506.0
2/4-6,2/4-6,WILDCAT,28.08.1970,VEST EKOFISK,2/4-6 VEST EKOFISK,NORTH SEA,,NO,181,44078.0,43513.0
2/4-10,2/4-10,WILDCAT,13.10.1973,,2/4-10,NORTH SEA,,NO,254,44048.0,
2/4-11,2/4-11,WILDCAT,25.12.1973,,2/4-11 (Espen),NORTH SEA,,NO,255,44054.0,
2/4-12,2/4-12,WILDCAT,28.07.1975,,,NORTH SEA,,NO,256,,
2/4-13,2/4-13,WILDCAT,03.09.1988,,,NORTH SEA,,NO,1313,,
2/4-14,2/4-14,WILDCAT,06.10.1988,,,NORTH SEA,,NO,1343,,
2/4-14 R,2/4-14,WILDCAT,01.05.1989,,,NORTH SEA,,YES,1440,,
2/4-14 R2,2/4-14,WILDCAT,06.04.1990,,,NORTH SEA,,YES,1548,,
2/4-15 S,2/4-15,WILDCAT,31.01.1989,,,NORTH SEA,,NO,1371,,
2/4-15 SR,2/4-15,WILDCAT,03.10.2003,,,NORTH SEA,,YES,4842,,
2/4-16,2/4-16,WILDCAT,07.05.1991,,,NORTH SEA,,NO,1702,,
2/4-16 R,2/4-16,WILDCAT,04.06.1992,,,NORTH SEA,,YES,1956,,
2/4-17,2/4-17,WILDCAT,21.07.1991,,2/4-17 TJALVE,NORTH SEA,,NO,1792,44066.0,
2/4-18,2/4-18,WILDCAT,26.04.1993,,,NORTH SEA,,NO,2134,,
2/4-18 R,2/4-18,WILDCAT,19.02.1994,,,NORTH SEA,,YES,2253,,
2/4-20,2/4-20,WILDCAT,22.09.2007,,,NORTH SEA,,NO,5556,,
2/4-21,2/4-21,WILDCAT,19.01.2012,,2/4-21 (King Lear),NORTH SEA,,NO,6736,21669700.0,
2/4-22 S,2/4-22,WILDCAT,10.09.2014,,2/4-22 S (Romeo),NORTH SEA,,NO,7535,26264813.0,
2/4-23 S,2/4-23,WILDCAT,13.03.2015,,2/4-23 S (Julius),NORTH SEA,,NO,7657,26463461.0,
2/5-1,2/5-1,WILDCAT,01.08.1970,TOR,2/5-1 TOR,NORTH SEA,,NO,178,44084.0,43520.0
2/5-3,2/5-3,WILDCAT,02.04.1972,,2/5-3 (Sørøst Tor),NORTH SEA,,NO,258,44090.0,
2/5-4,2/5-4,WILDCAT,03.09.1972,,2/5-4 (Siv),NORTH SEA,,NO,259,44096.0,
2/5-6,2/5-6,WILDCAT,14.05.1978,,,NORTH SEA,,NO,261,,
2/5-7,2/5-7,WILDCAT,11.08.1983,,2/5-7,NORTH SEA,,NO,25,44102.0,
2/5-9,2/5-9,WILDCAT,10.09.1991,,,NORTH SEA,,NO,1834,,
2/5-10,2/5-10,WILDCAT,23.05.1993,,,NORTH SEA,,NO,2044,,
2/5-10 A,2/5-10,WILDCAT,27.08.1993,,,NORTH SEA,,NO,2194,,
2/5-11,2/5-11,WILDCAT,06.09.1997,,2/5-11 (Tjatse),NORTH SEA,,NO,3084,46293.0,
2/5-12,2/5-12,WILDCAT,24.11.2001,,,NORTH SEA,,NO,4433,,
2/5-13,2/5-13,WILDCAT,25.09.2008,,,NORTH SEA,,NO,5948,,
2/5-14 S,2/5-14,WILDCAT,30.12.2008,,,NORTH SEA,,NO,5958,,
2/6-1,2/6-1,WILDCAT,21.04.1969,,,NORTH SEA,,NO,160,,
2/6-2,2/6-2,WILDCAT,03.01.1980,,,NORTH SEA,,NO,224,,
2/6-3,2/6-3,WILDCAT,09.11.1982,,,NORTH SEA,,NO,64,,
2/6-4 S,2/6-4,WILDCAT,08.04.1990,,,NORTH SEA,,NO,1527,,
2/6-5,2/6-5,WILDCAT,17.11.1996,,2/6-5,NORTH SEA,,NO,2885,44108.0,
2/7-1,2/7-1,WILDCAT,03.08.1970,ELDFISK,2/7-1 ELDFISK,NORTH SEA,,NO,179,44114.0,43527.0
2/7-2,2/7-2,WILDCAT,13.12.1970,,2/7-2,NORTH SEA,,NO,187,44126.0,
2/7-3,2/7-3,WILDCAT,14.04.1972,,,NORTH SEA,,NO,262,,
2/7-4,2/7-4,WILDCAT,23.06.1972,EDDA,2/7-4 EDDA,NORTH SEA,,NO,263,44150.0,43541.0
2/7-8,2/7-8,WILDCAT,08.06.1973,ELDFISK,2/7-8,NORTH SEA,,NO,267,44156.0,43527.0
2/7-9,2/7-9,WILDCAT,25.12.1973,EMBLA,2/7-20 EMBLA,NORTH SEA,,NO,268,44132.0,43534.0
2/7-11,2/7-11,WILDCAT,24.02.1975,,,NORTH SEA,,NO,270,,
2/7-12,2/7-12,WILDCAT,17.12.1978,,,NORTH SEA,,NO,271,,
2/7-13,2/7-13,WILDCAT,01.02.1979,,,NORTH SEA,,NO,272,,
2/7-16,2/7-16,WILDCAT,20.03.1980,,,NORTH SEA,,NO,232,,
2/7-17,2/7-17,WILDCAT,24.06.1980,,,NORTH SEA,,NO,200,,
2/7-18,2/7-18,WILDCAT,20.08.1980,,,NORTH SEA,,NO,206,,
2/7-19,2/7-19,WILDCAT,02.09.1980,,2/7-19 (Ebba),NORTH SEA,,NO,1367,44120.0,
2/7-19 R,2/7-19,WILDCAT,15.01.1990,,2/7-19 (Ebba),NORTH SEA,,YES,1512,44120.0,
2/7-20,2/7-20,WILDCAT,15.10.1987,EMBLA,2/7-20 EMBLA,NORTH SEA,,NO,1062,44132.0,43534.0
2/7-20 R,2/7-20,WILDCAT,14.10.1991,EMBLA,2/7-20 EMBLA,NORTH SEA,2/7-D-20   ,YES,1875,44132.0,43534.0
2/7-22,2/7-22,WILDCAT,17.05.1990,,2/7-22,NORTH SEA,,NO,1495,44138.0,
2/7-24,2/7-24,WILDCAT,07.11.1990,,,NORTH SEA,,NO,1613,,
2/7-29,2/7-29,WILDCAT,18.09.1993,,2/7-29,NORTH SEA,,NO,2124,44144.0,
2/7-30,2/7-30,WILDCAT,27.02.1995,,,NORTH SEA,,NO,2394,,
2/7-31,2/7-31,WILDCAT,13.01.1999,,2/7-31,NORTH SEA,,NO,3573,105311.0,
2/8-1,2/8-1,WILDCAT,28.11.1967,,,NORTH SEA,,NO,124,,
2/8-2,2/8-2,WILDCAT,28.06.1970,,,NORTH SEA,,NO,155,,
2/8-3,2/8-3,WILDCAT,16.06.1972,,,NORTH SEA,,NO,117,,
2/8-5,2/8-5,WILDCAT,11.04.1974,,,NORTH SEA,,NO,275,,
2/8-6,2/8-6,WILDCAT,07.04.1975,VALHALL,2/8-6 VALHALL,NORTH SEA,,NO,276,44162.0,43548.0
2/8-7,2/8-7,WILDCAT,23.07.1975,,,NORTH SEA,,NO,277,,
2/8-12 S,2/8-12,WILDCAT,07.11.1988,,,NORTH SEA,,NO,1351,,
2/8-13,2/8-13,WILDCAT,29.04.1989,,,NORTH SEA,,NO,1383,,
2/8-14,2/8-14,WILDCAT,14.08.1990,,,NORTH SEA,,NO,1552,,
2/8-15,2/8-15,WILDCAT,27.11.1995,,,NORTH SEA,,NO,2636,,
2/8-16 S,2/8-16,WILDCAT,08.02.1997,,,NORTH SEA,,NO,3008,,
2/8-17 A,2/8-17,WILDCAT,18.01.1998,,,NORTH SEA,,NO,3328,,
2/8-17 S,2/8-17,WILDCAT,04.12.1997,,,NORTH SEA,,NO,3210,,
2/8-18 S,2/8-18,WILDCAT,23.05.2012,,,NORTH SEA,,NO,6747,,
2/9-1,2/9-1,WILDCAT,03.11.1972,,,NORTH SEA,,NO,282,,
2/9-2,2/9-2,WILDCAT,07.07.1979,,,NORTH SEA,,NO,283,,
2/9-3,2/9-3,WILDCAT,13.09.1989,,,NORTH SEA,,NO,1443,,
2/9-4,2/9-4,WILDCAT,20.03.2008,,,NORTH SEA,,NO,5801,,
2/9-5 S,2/9-5,WILDCAT,21.07.2014,,,NORTH SEA,,NO,7502,,
2/10-1 S,2/10-1,WILDCAT,16.09.1975,,,NORTH SEA,,NO,284,,
2/10-2,2/10-2,WILDCAT,16.02.1993,,,NORTH SEA,,NO,2050,,
2/11-2,2/11-2,WILDCAT,06.11.1974,HOD,2/11-2 HOD,NORTH SEA,,NO,285,44000.0,43485.0
2/11-3,2/11-3,WILDCAT,10.10.1977,HOD,2/11-10 S,NORTH SEA,,NO,286,43994.0,43485.0
2/11-7,2/11-7,WILDCAT,16.04.1986,,,NORTH SEA,,NO,902,,
2/11-8,2/11-8,WILDCAT,03.04.1991,,,NORTH SEA,,NO,1715,,
2/11-9,2/11-9,WILDCAT,24.07.1993,,,NORTH SEA,,NO,2153,,
2/11-10 S,2/11-10,WILDCAT,28.02.1994,HOD,2/11-10 S,NORTH SEA,2/11-A-5   ,NO,2297,43994.0,43485.0
2/11-11,2/11-11,WILDCAT,21.06.2015,,,NORTH SEA,,NO,7712,,
2/12-1,2/12-1,WILDCAT,14.10.1986,,2/12-1 MJØLNER,NORTH SEA,,NO,1014,44006.0,
3/4-1,3/4-1,WILDCAT,11.01.1994,,,NORTH SEA,,NO,2222,,
3/4-2 S,3/4-2,WILDCAT,18.07.2012,,,NORTH SEA,,NO,6622,,
3/5-1,3/5-1,WILDCAT,03.05.1978,,,NORTH SEA,,NO,290,,
3/5-2,3/5-2,WILDCAT,29.06.1978,,,NORTH SEA,,NO,291,,
3/6-1,3/6-1,WILDCAT,20.06.2000,,,NORTH SEA,,NO,4117,,
3/7-1,3/7-1,WILDCAT,01.08.1973,,,NORTH SEA,,NO,292,,
3/7-2,3/7-2,WILDCAT,30.03.1981,,,NORTH SEA,,NO,220,,
3/7-3,3/7-3,WILDCAT,21.06.1981,,,NORTH SEA,,NO,293,,
3/7-4,3/7-4,WILDCAT,20.09.1989,TRYM,3/7-4 TRYM,NORTH SEA,,NO,1467,44354.0,18081500.0
3/7-5,3/7-5,WILDCAT,06.12.1991,,,NORTH SEA,,NO,1759,,
3/7-6,3/7-6,WILDCAT,08.10.1996,,,NORTH SEA,,NO,2891,,
3/7-7,3/7-7,WILDCAT,03.09.2008,,,NORTH SEA,,NO,5932,,
3/7-8 S,3/7-8,WILDCAT,09.12.2012,,3/7-8 S (Trym Sør),NORTH SEA,,NO,7058,23286464.0,
3/7-9 S,3/7-9,WILDCAT,14.03.2013,,,NORTH SEA,,NO,7137,,
3/7-10 S,3/7-10,WILDCAT,23.07.2015,,,NORTH SEA,,NO,7749,,
3/8-1,3/8-1,WILDCAT,29.10.2010,,,NORTH SEA,,NO,6476,,
4/4-1,4/4-1,WILDCAT,13.09.2013,,,NORTH SEA,,NO,7270,,
6/3-1,6/3-1,WILDCAT,02.11.1984,GAUPE,6/3-1 PI,NORTH SEA,,NO,450,44804.0,18161341.0
6/3-2,6/3-2,WILDCAT,21.11.1985,,,NORTH SEA,,NO,862,,
7/1-1,7/1-1,WILDCAT,03.07.1971,,,NORTH SEA,,NO,192,,
7/1-2 S,7/1-2,WILDCAT,20.03.2008,,,NORTH SEA,,NO,5793,,
7/3-1,7/3-1,WILDCAT,07.04.1969,,,NORTH SEA,,NO,164,,
7/4-1,7/4-1,WILDCAT,05.07.1993,,,NORTH SEA,,NO,2136,,
7/4-3,7/4-3,WILDCAT,05.04.2013,,,NORTH SEA,,NO,7121,,
7/7-1,7/7-1,WILDCAT,30.12.1989,,,NORTH SEA,,NO,1492,,
7/7-2,7/7-2,WILDCAT,20.01.1992,BRYNHILD,7/7-2 BRYNHILD,NORTH SEA,,NO,1868,44984.0,21123063.0
7/7-4,7/7-4,WILDCAT,29.08.2007,,,NORTH SEA,,NO,5570,,
7/8-1,7/8-1,WILDCAT,31.08.1968,,,NORTH SEA,,NO,158,,
7/8-2,7/8-2,WILDCAT,24.07.1973,,,NORTH SEA,,NO,294,,
7/8-3,7/8-3,WILDCAT,12.09.1983,,7/8-3 (Krabbe),NORTH SEA,,NO,28,44990.0,
7/8-4,7/8-4,WILDCAT,11.12.1984,,,NORTH SEA,,NO,448,,
7/8-6 S,7/8-6,WILDCAT,09.11.2012,,,NORTH SEA,,NO,7053,,
7/9-1,7/9-1,WILDCAT,22.04.1971,,,NORTH SEA,,NO,191,,
7/11-1,7/11-1,WILDCAT,26.02.1968,COD,7/11-1 COD,NORTH SEA,,NO,149,44960.0,43785.0
7/11-4,7/11-4,WILDCAT,02.07.1969,MIME,7/11-5 MIME,NORTH SEA,,NO,167,44966.0,43792.0
7/11-5,7/11-5,WILDCAT,09.02.1982,MIME,7/11-5 MIME,NORTH SEA,,NO,42,44966.0,43792.0
7/11-6,7/11-6,WILDCAT,09.08.1982,,,NORTH SEA,,NO,86,,
7/11-7,7/11-7,WILDCAT,29.12.1982,COD,7/11-7,NORTH SEA,,NO,57,23296230.0,43785.0
7/11-7 R,7/11-7,WILDCAT,29.09.1984,COD,7/11-1 COD,NORTH SEA,7/11-A-6   ,YES,519,44960.0,43785.0
7/11-8,7/11-8,WILDCAT,22.09.1983,,,NORTH SEA,,NO,30,,
7/11-9,7/11-9,WILDCAT,26.11.1985,,,NORTH SEA,,NO,856,,
7/11-12 A,7/11-12,WILDCAT,08.08.2011,,7/11-12 A,NORTH SEA,,NO,6655,21139643.0,
7/11-12 S,7/11-12,WILDCAT,27.03.2011,,,NORTH SEA,,NO,6549,,
7/11-13,7/11-13,WILDCAT,08.09.2012,,,NORTH SEA,,NO,6955,,
7/12-1 S,7/12-1,WILDCAT,31.08.1968,,,NORTH SEA,,NO,157,,
7/12-2,7/12-2,WILDCAT,04.07.1976,ULA,7/12-2 ULA,NORTH SEA,,NO,295,44972.0,43800.0
7/12-2 R,7/12-2,WILDCAT,22.03.1984,ULA,7/12-2 ULA,NORTH SEA,,YES,454,44972.0,43800.0
7/12-5,7/12-5,WILDCAT,06.02.1981,,7/12-5 (Ula North),NORTH SEA,,NO,299,44978.0,
7/12-10,7/12-10,WILDCAT,08.07.1991,,7/12-5 (Ula North),NORTH SEA,,NO,1557,44978.0,
7/12-11,7/12-11,WILDCAT,31.08.1991,,,NORTH SEA,,NO,1787,,
7/12-12 S,7/12-12,WILDCAT,09.10.1995,,,NORTH SEA,,NO,2695,,
7/12-13 S,7/12-13,WILDCAT,29.01.2012,,,NORTH SEA,,NO,6727,,
8/1-1,8/1-1,WILDCAT,02.12.1971,,,NORTH SEA,,NO,301,,
8/3-1,8/3-1,WILDCAT,19.07.1966,,,NORTH SEA,,NO,142,,
8/3-2,8/3-2,WILDCAT,04.10.1982,,,NORTH SEA,,NO,89,,
8/4-1,8/4-1,WILDCAT,21.06.1977,,,NORTH SEA,,NO,302,,
8/5-1,8/5-1,WILDCAT,10.01.2013,,,NORTH SEA,,NO,7112,,
8/9-1,8/9-1,WILDCAT,22.12.1975,,,NORTH SEA,,NO,303,,
8/10-1,8/10-1,WILDCAT,30.05.1969,,,NORTH SEA,,NO,166,,
8/10-2,8/10-2,WILDCAT,05.02.1980,,,NORTH SEA,,NO,226,,
8/10-3,8/10-3,WILDCAT,02.06.2010,,,NORTH SEA,,NO,6098,,
8/10-4 S,8/10-4,WILDCAT,15.08.2011,,8/10-4 S ODA,NORTH SEA,,NO,6630,21118177.0,
8/10-5 A,8/10-5,WILDCAT,06.03.2014,,,NORTH SEA,,NO,7419,,
8/10-5 S,8/10-5,WILDCAT,04.01.2014,,,NORTH SEA,,NO,7291,,
8/10-6 S,8/10-6,WILDCAT,29.05.2014,,,NORTH SEA,,NO,7485,,
8/11-1,8/11-1,WILDCAT,24.04.1975,,,NORTH SEA,,NO,304,,
8/12-1,8/12-1,WILDCAT,31.05.1971,,,NORTH SEA,,NO,193,,
9/1-1 S,9/1-1,WILDCAT,01.10.2011,,,NORTH SEA,,NO,6398,,
9/2-1,9/2-1,WILDCAT,21.02.1987,YME,9/2-1 YME,NORTH SEA,,NO,1038,45098.0,43807.0
9/2-2,9/2-2,WILDCAT,08.08.1987,,,NORTH SEA,,NO,1135,,
9/2-3,9/2-3,WILDCAT,04.12.1989,YME,9/2-3,NORTH SEA,,NO,1294,45104.0,43807.0
9/2-6 S,9/2-6,WILDCAT,19.08.1996,YME,9/2-6 S,NORTH SEA,9/2-A-6   ,NO,2867,45110.0,43807.0
9/2-7 S,9/2-7,WILDCAT,22.04.1997,YME,9/2-7 S,NORTH SEA,9/2-B-3 H  ,NO,3087,45116.0,43807.0
9/2-8 S,9/2-8,WILDCAT,24.06.1997,,,NORTH SEA,9/2-A-3   ,NO,3126,,
9/2-9 S,9/2-9,WILDCAT,29.06.1999,YME,9/2-9 S,NORTH SEA,9/2-B-4 H  ,NO,3703,112160.0,43807.0
9/2-11,9/2-11,WILDCAT,09.03.2010,,,NORTH SEA,,NO,6341,,
9/3-1,9/3-1,WILDCAT,29.07.1986,,,NORTH SEA,,NO,921,,
9/3-2,9/3-2,WILDCAT,23.10.2005,,,NORTH SEA,,NO,5173,,
9/4-1,9/4-1,WILDCAT,31.03.1968,,,NORTH SEA,,NO,150,,
9/4-2,9/4-2,WILDCAT,19.07.1970,,,NORTH SEA,,NO,176,,
9/4-3,9/4-3,WILDCAT,14.07.1972,,,NORTH SEA,,NO,152,,
9/4-4,9/4-4,WILDCAT,19.07.1977,,,NORTH SEA,,NO,305,,
9/4-5,9/4-5,WILDCAT,08.01.2006,,,NORTH SEA,,NO,5134,,
9/8-1,9/8-1,WILDCAT,23.05.1968,,,NORTH SEA,,NO,145,,
9/10-1,9/10-1,WILDCAT,30.08.1970,,,NORTH SEA,,NO,183,,
9/11-1,9/11-1,WILDCAT,03.07.1971,,,NORTH SEA,,NO,194,,
9/12-1,9/12-1,WILDCAT,28.03.1969,,,NORTH SEA,,NO,163,,
10/4-1,10/4-1,WILDCAT,22.06.2015,,,NORTH SEA,,NO,7724,,
10/5-1,10/5-1,WILDCAT,31.05.1976,,,NORTH SEA,,NO,306,,
10/7-1,10/7-1,WILDCAT,28.06.1992,,,NORTH SEA,,NO,1972,,
10/8-1,10/8-1,WILDCAT,12.12.1970,,,NORTH SEA,,NO,175,,
11/5-1,11/5-1,WILDCAT,07.08.2007,,,NORTH SEA,,NO,5596,,
11/9-1,11/9-1,WILDCAT,16.01.1976,,,NORTH SEA,,NO,307,,
11/10-1,11/10-1,WILDCAT,02.08.1969,,,NORTH SEA,,NO,170,,
15/2-1,15/2-1,WILDCAT,26.11.1981,,,NORTH SEA,,NO,308,,
15/3-1 S,15/3-1,WILDCAT,27.11.1974,GUDRUN,15/3-1 S GUDRUN,NORTH SEA,,NO,309,43880.0,18116481.0
15/3-2,15/3-2,WILDCAT,29.10.1976,,,NORTH SEA,,NO,310,,
15/3-2 R,15/3-2,WILDCAT,26.07.1977,,,NORTH SEA,,YES,311,,
15/3-4,15/3-4,WILDCAT,03.10.1981,,15/3-4 (Sigrun),NORTH SEA,,NO,314,43886.0,
15/3-6,15/3-6,WILDCAT,14.12.1998,,,NORTH SEA,,NO,3250,,
15/3-9,15/3-9,WILDCAT,19.05.2010,GUDRUN,15/3-9,NORTH SEA,,NO,6354,18212532.0,18116481.0
15/5-1,15/5-1,WILDCAT,26.11.1977,GINA KROG,15/5-1 GINA KROG,NORTH SEA,,NO,315,43892.0,23384544.0
15/5-2,15/5-2,WILDCAT,16.08.1978,,15/5-2 EIRIN,NORTH SEA,,NO,316,43898.0,
15/5-3,15/5-3,WILDCAT,21.08.1980,,,NORTH SEA,,NO,207,,
15/5-5,15/5-5,WILDCAT,31.08.1995,GLITNE,15/5-5 GLITNE,NORTH SEA,,NO,2635,43904.0,1272071.0
15/6-1,15/6-1,WILDCAT,07.08.1971,,,NORTH SEA,,NO,197,,
15/6-3,15/6-3,WILDCAT,05.09.1974,SLEIPNER VEST,15/6-3 SLEIPNER VEST,NORTH SEA,,NO,318,43910.0,43457.0
15/6-4,15/6-4,WILDCAT,28.06.1976,,,NORTH SEA,,NO,319,,
15/6-7,15/6-7,WILDCAT,24.04.1993,,,NORTH SEA,,NO,2084,,
15/6-8 A,15/6-8,WILDCAT,05.04.1997,,,NORTH SEA,,NO,3077,,
15/6-8 S,15/6-8,WILDCAT,18.02.1997,,,NORTH SEA,,NO,3014,,
15/6-10,15/6-10,WILDCAT,07.02.2009,,15/6-10 (Freke),NORTH SEA,,NO,6030,5490439.0,
15/6-12,15/6-12,WILDCAT,22.12.2010,,15/6-12 (McHenry),NORTH SEA,,NO,6518,20415304.0,
15/6-13,15/6-13,WILDCAT,13.04.2015,,15/6-13,NORTH SEA,,NO,7667,26443908.0,
15/8-1,15/8-1,WILDCAT,18.07.1981,,15/8-1 UTGARD,NORTH SEA,,NO,321,43916.0,
15/8-2,15/8-2,WILDCAT,20.08.2011,,,NORTH SEA,,NO,6681,,
15/9-9,15/9-9,WILDCAT,04.05.1981,SLEIPNER ØST,15/9-9 SLEIPNER ØST,NORTH SEA,,NO,328,43946.0,43478.0
15/9-10,15/9-10,WILDCAT,15.09.1981,,,NORTH SEA,,NO,69,,
15/9-14,15/9-14,WILDCAT,01.05.1982,,,NORTH SEA,,NO,71,,
15/9-15,15/9-15,WILDCAT,28.05.1982,GUNGNE,15/9-15 GUNGNE,NORTH SEA,,NO,74,43922.0,43464.0
15/9-17,15/9-17,WILDCAT,09.12.1982,SLEIPNER ØST,15/9-17 LOKE,NORTH SEA,,NO,60,43928.0,43478.0
15/9-17 R,15/9-17,WILDCAT,28.04.1991,SLEIPNER ØST,15/9-17 LOKE,NORTH SEA,,YES,1768,43928.0,43478.0
15/9-18,15/9-18,WILDCAT,16.12.1983,,,NORTH SEA,,NO,36,,
15/9-19 S,15/9-19,WILDCAT,18.11.1992,VOLVE,15/9-19 S VOLVE,NORTH SEA,,NO,2043,43934.0,3420717.0
15/9-19 SR,15/9-19,WILDCAT,17.02.1993,VOLVE,15/9-19 S VOLVE,NORTH SEA,,YES,2105,43934.0,3420717.0
15/9-19 SR2,15/9-19,WILDCAT,18.07.1997,VOLVE,15/9-19 S VOLVE,NORTH SEA,,YES,3180,43934.0,3420717.0
15/9-20 S,15/9-20,WILDCAT,16.02.1994,GUNGNE,15/9-20 S,NORTH SEA,15/9-A-22   ,NO,2319,43940.0,43464.0
15/9-22,15/9-22,WILDCAT,01.01.2006,,,NORTH SEA,,NO,5174,,
15/9-23,15/9-23,WILDCAT,18.11.2009,,,NORTH SEA,,NO,6186,,
15/9-24,15/9-24,WILDCAT,18.05.2010,,,NORTH SEA,,NO,6381,,
15/12-1,15/12-1,WILDCAT,07.07.1975,,,NORTH SEA,,NO,94,,
15/12-2,15/12-2,WILDCAT,07.01.1976,,,NORTH SEA,,NO,331,,
15/12-3,15/12-3,WILDCAT,21.06.1980,,,NORTH SEA,,NO,199,,
15/12-4,15/12-4,WILDCAT,13.09.1984,VARG,15/12-4 VARG,NORTH SEA,,NO,438,43868.0,43451.0
15/12-7 S,15/12-7,WILDCAT,06.11.1990,,,NORTH SEA,,NO,1680,,
15/12-8,15/12-8,WILDCAT,05.06.1991,,15/12-8,NORTH SEA,,NO,1778,43874.0,
15/12-11 S,15/12-11,WILDCAT,10.04.1997,,,NORTH SEA,,NO,3074,,
15/12-12,15/12-12,WILDCAT,25.12.2000,REV,15/12-12 REV,NORTH SEA,15/12-C-1 H  ,NO,3391,1626017.0,4467554.0
15/12-15,15/12-15,WILDCAT,19.11.2004,,,NORTH SEA,,NO,5017,,
15/12-18 A,15/12-18,WILDCAT,08.11.2007,,15/12-18 A,NORTH SEA,,NO,5608,4554325.0,
15/12-18 S,15/12-18,WILDCAT,05.09.2007,,15/12-18 S (Storskrymten),NORTH SEA,,NO,5607,4554315.0,
15/12-19,15/12-19,WILDCAT,18.02.2008,GAUPE,15/12-19,NORTH SEA,,NO,5705,4972729.0,18161341.0
15/12-20 S,15/12-20,WILDCAT,28.05.2008,VARG,15/12-20 S,NORTH SEA,15/12-A-7 A  ,NO,5824,5010042.0,43451.0
15/12-21,15/12-21,WILDCAT,15.03.2009,,15/12-21 (Grevling),NORTH SEA,,NO,6047,5490719.0,
15/12-22,15/12-22,WILDCAT,17.04.2010,,,NORTH SEA,,NO,6326,,
15/12-24 S,15/12-24,WILDCAT,15.04.2015,,,NORTH SEA,,NO,7661,,
16/1-1,16/1-1,WILDCAT,26.09.1967,,,NORTH SEA,,NO,147,,
16/1-3,16/1-3,WILDCAT,29.07.1982,,,NORTH SEA,,NO,84,,
16/1-4,16/1-4,WILDCAT,17.03.1993,,16/1-4,NORTH SEA,,NO,2072,3000757.0,
16/1-5,16/1-5,WILDCAT,12.10.1998,,,NORTH SEA,,NO,3279,,
16/1-5 A,16/1-5,WILDCAT,21.11.1998,,,NORTH SEA,,NO,3626,,
16/1-6 S,16/1-6,WILDCAT,22.05.2003,,16/1-6 S (Verdandi),NORTH SEA,,NO,4711,2449370.0,
16/1-7,16/1-7,WILDCAT,29.04.2004,IVAR AASEN,16/1-7,NORTH SEA,,NO,4928,2819923.0,23384520.0
16/1-8,16/1-8,WILDCAT,08.09.2007,EDVARD GRIEG,16/1-8 EDVARD GRIEG,NORTH SEA,,NO,5612,4530554.0,21675433.0
16/1-8 R,16/1-8,WILDCAT,02.10.2009,EDVARD GRIEG,16/1-8 EDVARD GRIEG,NORTH SEA,,YES,6226,4530554.0,21675433.0
16/1-9,16/1-9,WILDCAT,19.02.2008,IVAR AASEN,16/1-9 IVAR AASEN,NORTH SEA,,NO,5773,4972697.0,23384520.0
16/1-12,16/1-12,WILDCAT,29.07.2009,,16/1-12 (Rolvsnes),NORTH SEA,,NO,6166,17196400.0,
16/1-14,16/1-14,WILDCAT,26.09.2010,IVAR AASEN,16/1-9 IVAR AASEN,NORTH SEA,,NO,6399,4972697.0,23384520.0
16/1-16,16/1-16,WILDCAT,23.10.2012,IVAR AASEN,16/1-9 IVAR AASEN,NORTH SEA,,NO,6823,4972697.0,23384520.0
16/1-17,16/1-17,WILDCAT,11.02.2013,,,NORTH SEA,,NO,7113,,
16/1-19 S,16/1-19,WILDCAT,03.09.2013,IVAR AASEN,16/1-9 IVAR AASEN,NORTH SEA,,NO,7255,4972697.0,23384520.0
16/1-20 A,16/1-20,WILDCAT,13.08.2013,,,NORTH SEA,,NO,7256,,
16/1-24,16/1-24,WILDCAT,15.02.2015,,,NORTH SEA,,NO,7616,,
16/1-26 S,16/1-26,WILDCAT,04.04.2016,,16/1-26 S,NORTH SEA,,NO,7915,28245194.0,
16/2-1,16/2-1,WILDCAT,11.07.1967,,,NORTH SEA,,NO,144,,
16/2-2,16/2-2,WILDCAT,17.09.2001,,,NORTH SEA,,NO,4408,,
16/2-3,16/2-3,WILDCAT,01.08.2007,,16/2-3 (Ragnarock),NORTH SEA,,NO,5551,4527337.0,
16/2-4,16/2-4,WILDCAT,08.10.2007,,16/2-4,NORTH SEA,,NO,5625,17237080.0,
16/2-5,16/2-5,WILDCAT,22.02.2009,,16/2-5,NORTH SEA,,NO,6042,5490457.0,
16/2-6,16/2-6,WILDCAT,20.07.2010,JOHAN SVERDRUP,16/2-6 JOHAN SVERDRUP,NORTH SEA,,NO,6374,18387202.0,26376286.0
16/2-20 A,16/2-20,WILDCAT,21.11.2013,,,NORTH SEA,,NO,7316,,
16/2-20 S,16/2-20,WILDCAT,30.09.2013,,,NORTH SEA,,NO,7181,,
16/3-1,16/3-1,WILDCAT,31.01.1976,,,NORTH SEA,,NO,451,,
16/3-2,16/3-2,WILDCAT,11.02.1976,,,NORTH SEA,,NO,334,,
16/3-3,16/3-3,WILDCAT,24.07.1989,,,NORTH SEA,,NO,1415,,
16/4-1,16/4-1,WILDCAT,08.09.1984,,,NORTH SEA,,NO,229,,
16/4-2,16/4-2,WILDCAT,29.06.1990,,,NORTH SEA,,NO,1560,,
16/4-3,16/4-3,WILDCAT,05.12.2000,,,NORTH SEA,,NO,4194,,
16/4-4,16/4-4,WILDCAT,28.12.2006,,16/4-4 (Biotitt),NORTH SEA,,NO,5441,4445817.0,
16/4-5,16/4-5,WILDCAT,04.02.2010,,,NORTH SEA,,NO,6216,,
16/4-6 S,16/4-6,WILDCAT,11.03.2013,,16/4-6 S (Luno II),NORTH SEA,,NO,7098,23295901.0,
16/4-7,16/4-7,WILDCAT,23.07.2013,,,NORTH SEA,,NO,7208,,
16/4-10,16/4-10,WILDCAT,24.01.2016,,,NORTH SEA,,NO,7731,,
16/5-1,16/5-1,WILDCAT,17.01.1971,,,NORTH SEA,,NO,189,,
16/5-6,16/5-6,WILDCAT,22.06.2016,,,NORTH SEA,,NO,7962,,
16/6-1,16/6-1,WILDCAT,07.11.1967,,,NORTH SEA,,NO,148,,
16/7-1,16/7-1,WILDCAT,11.08.1967,,,NORTH SEA,,NO,146,,
16/7-2,16/7-2,WILDCAT,11.01.1982,,16/7-2,NORTH SEA,,NO,40,43952.0,
16/7-3,16/7-3,WILDCAT,11.06.1982,,,NORTH SEA,,NO,75,,
16/7-4,16/7-4,WILDCAT,15.10.1982,SIGYN,16/7-4 SIGYN,NORTH SEA,,NO,91,45625.0,1630100.0
16/7-5,16/7-5,WILDCAT,02.07.1984,,,NORTH SEA,,NO,134,,
16/7-6,16/7-6,WILDCAT,27.06.1997,,,NORTH SEA,,NO,3067,,
16/7-7 S,16/7-7,WILDCAT,20.10.1997,SIGYN,16/7-7 S,NORTH SEA,,NO,3244,45641.0,1630100.0
16/7-8 S,16/7-8,WILDCAT,17.12.2002,,,NORTH SEA,,NO,4612,,
16/7-9,16/7-9,WILDCAT,05.12.2010,,,NORTH SEA,,NO,6382,,
16/7-10,16/7-10,WILDCAT,09.07.2011,,16/7-10,NORTH SEA,,NO,6607,21060729.0,
16/7-11,16/7-11,WILDCAT,13.08.2015,,,NORTH SEA,,NO,7750,,
16/8-1,16/8-1,WILDCAT,25.09.1976,,,NORTH SEA,,NO,335,,
16/8-2,16/8-2,WILDCAT,03.04.1980,,,NORTH SEA,,NO,234,,
16/8-3 S,16/8-3,WILDCAT,11.03.2013,,,NORTH SEA,,NO,7115,,
16/9-1,16/9-1,WILDCAT,08.05.1968,,,NORTH SEA,,NO,151,,
16/10-1,16/10-1,WILDCAT,25.05.1986,,,NORTH SEA,,NO,901,,
16/10-2,16/10-2,WILDCAT,20.06.1991,,,NORTH SEA,,NO,1767,,
16/10-3,16/10-3,WILDCAT,22.10.1996,,,NORTH SEA,,NO,2703,,
16/10-4,16/10-4,WILDCAT,11.07.1998,,,NORTH SEA,,NO,3531,,
16/10-5,16/10-5,WILDCAT,06.10.2012,,,NORTH SEA,,NO,7021,,
16/11-1 S,16/11-1,WILDCAT,14.07.1967,,,NORTH SEA,,NO,112,,
16/11-2,16/11-2,WILDCAT,16.06.1973,,,NORTH SEA,,NO,336,,
17/3-1,17/3-1,WILDCAT,29.06.1995,,17/3-1,NORTH SEA,,NO,2576,43976.0,
17/4-1,17/4-1,WILDCAT,17.06.1968,,,NORTH SEA,,NO,153,,
17/6-1,17/6-1,WILDCAT,05.01.2011,,,NORTH SEA,,NO,6501,,
17/9-1,17/9-1,WILDCAT,16.09.1973,,,NORTH SEA,,NO,337,,
17/9-1 R,17/9-1,WILDCAT,18.05.1974,,,NORTH SEA,,YES,515,,
17/10-1,17/10-1,WILDCAT,30.12.1968,,,NORTH SEA,,NO,161,,
17/11-1,17/11-1,WILDCAT,24.05.1968,,,NORTH SEA,,NO,906,,
17/11-2,17/11-2,WILDCAT,12.04.1976,,,NORTH SEA,,NO,338,,
17/12-1,17/12-1,WILDCAT,27.10.1971,,,NORTH SEA,,NO,339,,
17/12-1 R,17/12-1,WILDCAT,14.03.1972,,17/12-1 VETTE,NORTH SEA,,YES,514,43964.0,
17/12-2,17/12-2,WILDCAT,31.08.1973,,17/12-2 (Brisling),NORTH SEA,,NO,340,43970.0,
18/10-1,18/10-1,WILDCAT,19.10.1979,,18/10-1 (Mackerel),NORTH SEA,,NO,342,43982.0,
18/11-1,18/11-1,WILDCAT,17.02.1974,,,NORTH SEA,,NO,343,,
24/6-1,24/6-1,WILDCAT,09.02.1985,,24/6-1 PEIK,NORTH SEA,,NO,443,44174.0,
24/6-2,24/6-2,WILDCAT,25.05.1998,ALVHEIM,24/6-2 ALVHEIM,NORTH SEA,,NO,3397,45828.0,2845712.0
24/6-4,24/6-4,WILDCAT,22.04.2003,ALVHEIM,24/6-4 ALVHEIM,NORTH SEA,,NO,4745,2472552.0,2845712.0
24/9-1,24/9-1,WILDCAT,29.02.1976,,,NORTH SEA,,NO,344,,
24/9-2,24/9-2,WILDCAT,13.06.1977,,,NORTH SEA,,NO,345,,
24/9-3,24/9-3,WILDCAT,28.01.1981,,24/9-3,NORTH SEA,,NO,346,44180.0,
24/9-5,24/9-5,WILDCAT,07.12.1993,VOLUND,24/9-5 VOLUND,NORTH SEA,,NO,2244,44186.0,4380167.0
24/9-8,24/9-8,WILDCAT,18.07.2007,,,NORTH SEA,,NO,5563,,
24/9-9 S,24/9-9,WILDCAT,12.09.2009,BØYLA,24/9-9 S BØYLA,NORTH SEA,,NO,6222,17237206.0,22492497.0
24/9-10 S,24/9-10,WILDCAT,06.01.2011,,24/9-10 S (Caterpillar),NORTH SEA,,NO,6531,20415286.0,
24/12-1,24/12-1,WILDCAT,16.01.1978,,,NORTH SEA,,NO,347,,
24/12-1 R,24/12-1,WILDCAT,07.06.1978,,,NORTH SEA,,YES,513,,
24/12-2,24/12-2,WILDCAT,23.06.1981,,,NORTH SEA,,NO,348,,
24/12-3 S,24/12-3,WILDCAT,27.06.1996,,24/12-3 S,NORTH SEA,,NO,2823,44168.0,
24/12-4,24/12-4,WILDCAT,31.08.2001,,,NORTH SEA,,NO,4383,,
24/12-6 S,24/12-6,WILDCAT,16.08.2010,,,NORTH SEA,,NO,6328,,
25/1-1,25/1-1,WILDCAT,30.03.1971,FRIGG,25/1-1 FRIGG,NORTH SEA,,NO,190,44204.0,43555.0
25/1-4,25/1-4,WILDCAT,01.04.1974,NORDØST FRIGG,25/1-4 NORDØST FRIGG,NORTH SEA,,NO,350,44228.0,43568.0
25/1-6,25/1-6,WILDCAT,26.01.1978,,,NORTH SEA,,NO,352,,
25/1-9,25/1-9,WILDCAT,09.09.1986,,25/1-9,NORTH SEA,,NO,1001,2786238.0,
25/1-10,25/1-10,WILDCAT,19.04.1988,,,NORTH SEA,,NO,1219,,
25/1-11,25/1-11,WILDCAT,04.01.2010,,,NORTH SEA,,NO,6187,,
25/1-11 R,25/1-11,WILDCAT,04.04.2010,,25/1-11 R (Storklakken),NORTH SEA,,YES,6368,18086221.0,
25/2-1,25/2-1,WILDCAT,04.08.1973,ØST FRIGG,25/2-1 ØST FRIGG,NORTH SEA,,NO,353,44234.0,43576.0
25/2-3,25/2-3,WILDCAT,01.09.1974,,,NORTH SEA,,NO,355,,
25/2-4,25/2-4,WILDCAT,14.05.1975,LILLE-FRIGG,25/2-4 LILLE-FRIGG,NORTH SEA,,NO,356,44240.0,43583.0
25/2-5,25/2-5,WILDCAT,08.03.1976,,25/2-5 LILLE FRØY,NORTH SEA,,NO,357,44246.0,
25/2-7,25/2-7,WILDCAT,01.04.1982,,,NORTH SEA,,NO,47,,
25/2-10 S,25/2-10,WILDCAT,02.12.1985,,25/2-10 S (Frigg-GammaDelta),NORTH SEA,,NO,855,2429169.0,
25/2-10 SR,25/2-10,WILDCAT,16.09.1987,,25/2-10 S (Frigg-GammaDelta),NORTH SEA,,YES,1178,2429169.0,
25/2-15,25/2-15,WILDCAT,14.11.1992,,,NORTH SEA,,NO,1938,,
25/2-15 R,25/2-15,WILDCAT,06.02.1993,,,NORTH SEA,,YES,2095,,
25/2-15 R2,25/2-15,WILDCAT,06.03.1993,,,NORTH SEA,,YES,2116,,
25/2-16 S,25/2-16,WILDCAT,03.08.2001,,,NORTH SEA,,NO,4385,,
25/2-17,25/2-17,WILDCAT,07.09.2009,,25/2-17,NORTH SEA,,NO,6215,17237215.0,
25/2-18 S,25/2-18,WILDCAT,06.08.2016,,,NORTH SEA,,NO,8023,,
25/3-1,25/3-1,WILDCAT,05.07.1989,,,NORTH SEA,,NO,1419,,
25/4-1,25/4-1,WILDCAT,01.07.1972,HEIMDAL,25/4-1 HEIMDAL,NORTH SEA,,NO,359,44252.0,43590.0
25/4-2,25/4-2,WILDCAT,18.10.1973,,25/4-2,NORTH SEA,,NO,360,21076955.0,
25/4-3,25/4-3,WILDCAT,13.10.1974,,25/4-3 (Gekko),NORTH SEA,,NO,361,1630312.0,
25/4-6 S,25/4-6,WILDCAT,15.04.1991,VALE,25/4-6 S VALE,NORTH SEA,,NO,1703,44258.0,1578893.0
25/4-6 SR,25/4-6,WILDCAT,09.09.2003,VALE,25/4-6 S VALE,NORTH SEA,,YES,4819,44258.0,1578893.0
25/4-7,25/4-7,WILDCAT,21.03.2003,ALVHEIM,25/4-7 ALVHEIM,NORTH SEA,,NO,4716,2420578.0,2845712.0
25/4-9 S,25/4-9,WILDCAT,05.09.2003,VILJE,25/4-9 S VILJE,NORTH SEA,,NO,4278,2472606.0,3392471.0
25/4-10 A,25/4-10,WILDCAT,11.11.2009,,25/4-10 A,NORTH SEA,,NO,6255,17312260.0,
25/4-10 S,25/4-10,WILDCAT,20.10.2009,ALVHEIM,25/4-10 S,NORTH SEA,,NO,6253,17256863.0,2845712.0
25/5-1,25/5-1,WILDCAT,12.05.1987,FRØY,25/5-1 FRØY,NORTH SEA,,NO,884,44264.0,43597.0
25/5-3,25/5-3,WILDCAT,27.01.1990,SKIRNE,25/5-3 SKIRNE,NORTH SEA,,NO,1488,44270.0,2138816.0
25/5-4,25/5-4,WILDCAT,22.12.1990,SKIRNE,25/5-4 BYGGVE,NORTH SEA,,NO,1691,44276.0,2138816.0
25/5-5,25/5-5,WILDCAT,27.10.1995,,25/5-5 (Tir),NORTH SEA,,NO,2661,44282.0,
25/5-6,25/5-6,WILDCAT,27.08.2009,,,NORTH SEA,,NO,6167,,
25/5-7,25/5-7,WILDCAT,25.08.2010,ATLA,25/5-7 ATLA,NORTH SEA,,NO,6423,18404420.0,21106284.0
25/5-8,25/5-8,WILDCAT,14.12.2013,,,NORTH SEA,,NO,7308,,
25/5-9,25/5-9,WILDCAT,01.01.2014,,25/5-9 (Trell),NORTH SEA,,NO,7345,24567425.0,
25/6-1,25/6-1,WILDCAT,18.12.1985,,25/6-1,NORTH SEA,,NO,524,44288.0,
25/6-2,25/6-2,WILDCAT,26.04.1992,,,NORTH SEA,,NO,1949,,
25/6-3,25/6-3,WILDCAT,21.10.1999,,,NORTH SEA,,NO,3885,,
25/6-4 S,25/6-4,WILDCAT,10.01.2012,,,NORTH SEA,,NO,6507,,
25/6-5 S,25/6-5,WILDCAT,13.03.2015,,25/6-5 S (Skirne Øst),NORTH SEA,,NO,7662,26336791.0,
25/7-1 S,25/7-1,WILDCAT,14.04.1986,,,NORTH SEA,,NO,898,,
25/7-2,25/7-2,WILDCAT,08.02.1990,,25/7-2,NORTH SEA,,NO,1494,44294.0,
25/7-3,25/7-3,WILDCAT,27.07.1995,JOTUN,25/7-3 JOTUN,NORTH SEA,,NO,2623,44300.0,43604.0
25/7-4 S,25/7-4,WILDCAT,02.06.1997,,,NORTH SEA,,NO,3114,,
25/7-5,25/7-5,WILDCAT,16.07.1997,ALVHEIM,25/7-5,NORTH SEA,,NO,3132,44306.0,2845712.0
25/8-1,25/8-1,WILDCAT,28.04.1970,BALDER,25/8-1 FORSETI,NORTH SEA,,NO,173,44312.0,43562.0
25/8-2,25/8-2,WILDCAT,09.09.1975,,,NORTH SEA,,NO,363,,
25/8-4,25/8-4,WILDCAT,25.07.1992,,25/8-4 (D-struktur),NORTH SEA,,NO,1986,44324.0,
25/8-5 S,25/8-5,WILDCAT,21.07.1994,JOTUN,25/8-5 S JOTUN,NORTH SEA,,NO,2390,44330.0,43604.0
25/8-5 SR,25/8-5,WILDCAT,27.07.1997,JOTUN,25/8-5 S JOTUN,NORTH SEA,,YES,3192,44330.0,43604.0
25/8-7,25/8-7,WILDCAT,21.07.1995,,,NORTH SEA,,NO,2612,,
25/8-8 S,25/8-8,WILDCAT,22.08.1995,JOTUN,25/8-8 S JOTUN,NORTH SEA,,NO,2646,44336.0,43604.0
25/8-9,25/8-9,WILDCAT,05.01.1997,,25/8-9,NORTH SEA,,NO,2988,44342.0,
25/8-10 S,25/8-10,WILDCAT,29.04.1997,BALDER,25/8-10 S RINGHORNE,NORTH SEA,,NO,3062,52316.0,43562.0
25/8-11,25/8-11,WILDCAT,16.10.1997,BALDER,25/8-11 RINGHORNE,NORTH SEA,,NO,3209,44318.0,43562.0
25/8-13,25/8-13,WILDCAT,31.10.2001,,,NORTH SEA,,NO,4438,,
25/8-14 S,25/8-14,WILDCAT,21.08.2003,RINGHORNE ØST,25/8-14 S,NORTH SEA,,NO,4805,2472571.0,3505505.0
25/8-16 S,25/8-16,WILDCAT,10.04.2009,,25/8-16 S (Eitri),NORTH SEA,,NO,6082,5506890.0,
25/8-17,25/8-17,WILDCAT,09.10.2009,JETTE,25/8-17 JETTE,NORTH SEA,,NO,6185,17238186.0,21613906.0
25/9-1,25/9-1,WILDCAT,28.03.1995,,,NORTH SEA,,NO,2476,,
25/9-2 S,25/9-2,WILDCAT,18.07.2003,,,NORTH SEA,,NO,4735,,
25/9-3,25/9-3,WILDCAT,28.08.2009,,,NORTH SEA,,NO,6189,,
25/9-4,25/9-4,WILDCAT,10.01.2014,,,NORTH SEA,,NO,7299,,
25/10-2,25/10-2,WILDCAT,05.08.1970,,,NORTH SEA,,NO,180,,
25/10-2 R,25/10-2,WILDCAT,02.05.1972,,,NORTH SEA,,YES,511,,
25/10-6 S,25/10-6,WILDCAT,26.12.1995,,,NORTH SEA,,NO,2728,,
25/10-7 S,25/10-7,WILDCAT,20.05.1996,,,NORTH SEA,,NO,2769,,
25/10-8,25/10-8,WILDCAT,17.02.1997,HANZ,25/10-8 HANZ,NORTH SEA,,NO,2955,44198.0,25307278.0
25/10-9,25/10-9,WILDCAT,09.06.2009,,,NORTH SEA,,NO,6120,,
25/10-10,25/10-10,WILDCAT,01.03.2010,,,NORTH SEA,,NO,6345,,
25/10-11,25/10-11,WILDCAT,22.02.2011,,25/10-11,NORTH SEA,,NO,6563,20499806.0,
25/10-12 S,25/10-12,WILDCAT,27.10.2014,,,NORTH SEA,,NO,7293,,
25/10-13 S,25/10-13,WILDCAT,24.05.2015,,,NORTH SEA,,NO,7704,,
25/10-14 S,25/10-14,WILDCAT,19.12.2015,,,NORTH SEA,,NO,7794,,
25/10-15 S,25/10-15,WILDCAT,17.07.2016,,,NORTH SEA,,NO,8005,,
25/11-1,25/11-1,WILDCAT,18.10.1966,BALDER,25/11-1 BALDER,NORTH SEA,,NO,143,44210.0,43562.0
25/11-15,25/11-15,WILDCAT,10.11.1991,GRANE,25/11-15 GRANE,NORTH SEA,,NO,1872,44216.0,1035937.0
25/11-16,25/11-16,WILDCAT,29.06.1992,SVALIN,25/11-16 SVALIN,NORTH SEA,,NO,1920,44222.0,22507971.0
25/11-17,25/11-17,WILDCAT,01.03.1993,,,NORTH SEA,,NO,1921,,
25/11-20,25/11-20,WILDCAT,08.10.1995,,,NORTH SEA,,NO,2667,,
25/11-22,25/11-22,WILDCAT,07.01.1998,,,NORTH SEA,,NO,3243,,
25/11-24,25/11-24,WILDCAT,18.02.2007,,25/11-24 (Jakob Sør),NORTH SEA,,NO,5470,4457094.0,
25/11-25 A,25/11-25,WILDCAT,15.02.2008,,,NORTH SEA,,NO,5643,,
25/11-25 S,25/11-25,WILDCAT,20.01.2008,SVALIN,25/11-25 S SVALIN,NORTH SEA,,NO,5642,4972673.0,22507971.0
25/11-26,25/11-26,WILDCAT,16.01.2013,,,NORTH SEA,,NO,7105,,
25/11-27,25/11-27,WILDCAT,04.05.2013,,25/11-27,NORTH SEA,,NO,7179,23395692.0,
25/11-28,25/11-28,WILDCAT,08.09.2015,,,NORTH SEA,,NO,7776,,
25/12-1,25/12-1,WILDCAT,03.10.1973,,,NORTH SEA,,NO,374,,
26/4-1,26/4-1,WILDCAT,08.05.1987,,,NORTH SEA,,NO,1046,,
26/4-2,26/4-2,WILDCAT,13.04.2004,,,NORTH SEA,,NO,4925,,
26/5-1,26/5-1,WILDCAT,10.04.2013,,,NORTH SEA,,NO,7142,,
26/10-1,26/10-1,WILDCAT,20.01.2015,,26/10-1 (Zulu Øst),NORTH SEA,,NO,7609,26264822.0,
29/3-1,29/3-1,WILDCAT,20.05.1986,,29/3-1,NORTH SEA,,NO,904,44348.0,
29/6-1,29/6-1,WILDCAT,12.10.1981,MARTIN LINGE,29/6-1,NORTH SEA,,NO,375,2770139.0,21675447.0
30/2-1,30/2-1,WILDCAT,17.05.1982,HULDRA,30/2-1 HULDRA,NORTH SEA,,NO,72,44372.0,97002.0
30/2-4 S,30/2-4,WILDCAT,01.05.2008,,,NORTH SEA,,NO,5784,,
30/3-2,30/3-2,WILDCAT,04.07.1980,,,NORTH SEA,,NO,203,,
30/3-2 R,30/3-2,WILDCAT,02.09.1980,VESLEFRIKK,30/3-2  VESLEFRIKK,NORTH SEA,,YES,508,44378.0,43618.0
30/3-3,30/3-3,WILDCAT,02.04.1983,,,NORTH SEA,,NO,10,,
30/3-6 S,30/3-6,WILDCAT,26.12.1993,VESLEFRIKK,30/3-6 S,NORTH SEA,30/3-A-20   ,NO,2269,44384.0,43618.0
30/3-7 A,30/3-7,WILDCAT,13.10.1997,VESLEFRIKK,30/3-7 A,NORTH SEA,,NO,3176,46312.0,43618.0
30/3-7 B,30/3-7,WILDCAT,20.05.1998,VESLEFRIKK,30/3-7 B,NORTH SEA,,NO,3229,46322.0,43618.0
30/3-7 BR,30/3-7,WILDCAT,05.11.2001,VESLEFRIKK,30/3-7 B,NORTH SEA,30/3-A-23   ,YES,4453,46322.0,43618.0
30/3-7 S,30/3-7,WILDCAT,21.09.1995,VESLEFRIKK,30/3-7 S,NORTH SEA,,NO,2632,44390.0,43618.0
30/3-9,30/3-9,WILDCAT,24.04.2000,,30/3-9,NORTH SEA,,NO,4053,1036262.0,
30/4-1,30/4-1,WILDCAT,01.11.1978,,,NORTH SEA,,NO,377,,
30/4-3 S,30/4-3,WILDCAT,16.06.2016,,30/4-3 S,NORTH SEA,30/4-A-9   ,NO,7961,28546131.0,
30/5-1,30/5-1,WILDCAT,17.05.1972,,,NORTH SEA,,NO,379,,
30/5-3 A,30/5-3,WILDCAT,15.04.2009,,30/5-3 A,NORTH SEA,,NO,6055,5490728.0,
30/5-3 S,30/5-3,WILDCAT,06.02.2009,,30/5-3 S (Corvus),NORTH SEA,,NO,6043,5490430.0,
30/6-1,30/6-1,WILDCAT,18.06.1979,OSEBERG,30/6-1 OSEBERG,NORTH SEA,,NO,380,44396.0,43625.0
30/6-5,30/6-5,WILDCAT,11.06.1981,OSEBERG ØST,30/6-5 OSEBERG ØST,NORTH SEA,,NO,118,44438.0,43639.0
30/6-8,30/6-8,WILDCAT,15.06.1982,,,NORTH SEA,,NO,77,,
30/6-9,30/6-9,WILDCAT,28.08.1982,OSEBERG,30/6-9,NORTH SEA,,NO,83,2770154.0,43625.0
30/6-9 R,30/6-9,WILDCAT,09.05.1990,OSEBERG,30/6-9,NORTH SEA,,YES,1562,2770154.0,43625.0
30/6-11,30/6-11,WILDCAT,20.12.1982,,,NORTH SEA,,NO,58,,
30/6-14,30/6-14,WILDCAT,17.12.1983,OSEBERG ØST,30/6-14,NORTH SEA,,NO,53,44402.0,43639.0
30/6-15,30/6-15,WILDCAT,02.05.1984,OSEBERG,30/6-15 OSEBERG VEST,NORTH SEA,,NO,110,44408.0,43625.0
30/6-16,30/6-16,WILDCAT,09.11.1984,,30/6-16,NORTH SEA,,NO,333,44414.0,
30/6-17,30/6-17,WILDCAT,12.08.1985,OSEBERG,30/6-17,NORTH SEA,,NO,487,44420.0,43625.0
30/6-17 A,30/6-17,WILDCAT,04.02.1986,OSEBERG,30/6-17,NORTH SEA,,NO,894,44420.0,43625.0
30/6-17 R,30/6-17,WILDCAT,14.11.1985,OSEBERG,30/6-17,NORTH SEA,,YES,849,44420.0,43625.0
30/6-18,30/6-18,WILDCAT,01.08.1985,OSEBERG,30/6-18 KAPPA,NORTH SEA,,NO,488,44426.0,43625.0
30/6-19,30/6-19,WILDCAT,09.04.1986,OSEBERG ØST,30/6-19 BETA SADEL,NORTH SEA,,NO,489,44432.0,43639.0
30/6-19 R,30/6-19,WILDCAT,15.05.1994,OSEBERG ØST,30/6-19 BETA SADEL,NORTH SEA,,YES,2366,44432.0,43639.0
30/6-20,30/6-20,WILDCAT,10.03.1986,,,NORTH SEA,,NO,892,,
30/6-24 S,30/6-24,WILDCAT,13.10.1991,,,NORTH SEA,,NO,1855,,
30/6-25 S,30/6-25,WILDCAT,26.11.1998,,,NORTH SEA,,NO,3578,,
30/6-26,30/6-26,WILDCAT,15.09.2001,OSEBERG,30/6-26 GAMMA VEST,NORTH SEA,,NO,4416,1632058.0,43625.0
30/6-27,30/6-27,WILDCAT,08.10.2001,OSEBERG,30/6-27,NORTH SEA,,NO,4425,1632112.0,43625.0
30/6-28 S,30/6-28,WILDCAT,16.01.2012,OSEBERG,30/6-28 S,NORTH SEA,,NO,6768,21660341.0,43625.0
30/6-29 S,30/6-29,WILDCAT,10.01.2015,,,NORTH SEA,30/6-C-8 D  ,NO,7801,,
30/7-1,30/7-1,WILDCAT,05.07.1975,,,NORTH SEA,,NO,384,,
30/7-2,30/7-2,WILDCAT,06.08.1975,MARTIN LINGE,30/7-2,NORTH SEA,,NO,385,44444.0,21675447.0
30/7-3,30/7-3,WILDCAT,06.08.1976,,,NORTH SEA,,NO,386,,
30/7-4,30/7-4,WILDCAT,25.01.1977,,,NORTH SEA,,NO,387,,
30/7-5,30/7-5,WILDCAT,05.02.1977,,,NORTH SEA,,NO,388,,
30/7-6,30/7-6,WILDCAT,15.02.1977,,,NORTH SEA,,NO,389,,
30/7-6 R,30/7-6,WILDCAT,18.04.1978,MARTIN LINGE,30/7-6 MARTIN LINGE,NORTH SEA,,YES,507,44450.0,21675447.0
30/7-7,30/7-7,WILDCAT,18.12.1978,,,NORTH SEA,,NO,390,,
30/8-1 S,30/8-1,WILDCAT,01.11.1994,TUNE,30/8-1 S TUNE,NORTH SEA,,NO,2430,44456.0,853376.0
30/8-1 SR,30/8-1,WILDCAT,14.11.1995,,30/8-1 SR,NORTH SEA,,YES,2719,23465984.0,
30/8-2,30/8-2,WILDCAT,15.12.1995,,,NORTH SEA,,NO,2723,,
30/8-3,30/8-3,WILDCAT,13.11.1997,,30/8-3,NORTH SEA,,NO,3246,45614.0,
30/8-4 S,30/8-4,WILDCAT,29.11.2008,,30/8-4 S,NORTH SEA,,NO,5974,5466601.0,
30/9-3,30/9-3,WILDCAT,31.12.1983,OSEBERG SØR,30/9-3 OSEBERG SØR,NORTH SEA,,NO,55,44492.0,43645.0
30/9-4 S,30/9-4,WILDCAT,22.11.1984,OSEBERG SØR,30/9-4 S OSEBERG SØR,NORTH SEA,,NO,452,44498.0,43645.0
30/9-5 S,30/9-5,WILDCAT,27.05.1985,OSEBERG SØR,30/9-5 S OSEBERG SØR,NORTH SEA,,NO,478,44504.0,43645.0
30/9-6,30/9-6,WILDCAT,08.03.1987,OSEBERG SØR,30/9-6 OSEBERG SØR,NORTH SEA,,NO,1027,44510.0,43645.0
30/9-7,30/9-7,WILDCAT,02.11.1988,OSEBERG SØR,30/9-7 OSEBERG SØR,NORTH SEA,,NO,1306,44516.0,43645.0
30/9-9,30/9-9,WILDCAT,26.09.1989,OSEBERG SØR,30/9-9 OSEBERG SØR,NORTH SEA,,NO,1442,44522.0,43645.0
30/9-10,30/9-10,WILDCAT,31.07.1990,OSEBERG SØR,30/9-10 OSEBERG SØR,NORTH SEA,,NO,1514,44468.0,43645.0
30/9-11,30/9-11,WILDCAT,27.10.1990,,,NORTH SEA,,NO,1673,,
30/9-11 A,30/9-11,WILDCAT,20.11.1990,,,NORTH SEA,,NO,1705,,
30/9-13 S,30/9-13,WILDCAT,05.07.1991,OSEBERG SØR,30/9-13 S OSEBERG SØR,NORTH SEA,,NO,1811,44474.0,43645.0
30/9-13 SR,30/9-13,WILDCAT,12.07.2002,OSEBERG SØR,30/9-13 S OSEBERG SØR,NORTH SEA,,YES,4586,44474.0,43645.0
30/9-15,30/9-15,WILDCAT,07.12.1993,OSEBERG SØR,30/9-15 OSEBERG SØR,NORTH SEA,,NO,2223,44480.0,43645.0
30/9-16,30/9-16,WILDCAT,14.06.1994,OSEBERG SØR,30/9-16 K OSEBERG SØR,NORTH SEA,,NO,2361,44486.0,43645.0
30/9-17,30/9-17,WILDCAT,03.03.1995,,,NORTH SEA,,NO,2355,,
30/9-17 R,30/9-17,WILDCAT,11.04.1995,,,NORTH SEA,,YES,2569,,
30/9-18,30/9-18,WILDCAT,14.03.1995,,,NORTH SEA,,NO,2552,,
30/9-19,30/9-19,WILDCAT,09.09.1998,OSEBERG,30/9-19,NORTH SEA,,NO,3561,96300.0,43625.0
30/9-20 S,30/9-20,WILDCAT,09.01.2002,OSEBERG SØR,30/9-20 S,NORTH SEA,,NO,4463,2066145.0,43645.0
30/9-21 A,30/9-21,WILDCAT,04.05.2008,,30/9-21 A,NORTH SEA,,NO,5805,5010058.0,
30/9-22,30/9-22,WILDCAT,29.01.2009,OSEBERG SØR,30/9-22 STJERNE,NORTH SEA,,NO,6034,5490404.0,43645.0
30/9-23,30/9-23,WILDCAT,29.07.2009,,,NORTH SEA,,NO,6182,,
30/9-24,30/9-24,WILDCAT,10.09.2009,,,NORTH SEA,,NO,6210,,
30/9-25,30/9-25,WILDCAT,10.08.2013,,,NORTH SEA,,NO,7249,,
30/9-26 S,30/9-26,WILDCAT,10.11.2014,,,NORTH SEA,,NO,7491,,
30/9-28 S,30/9-28,WILDCAT,15.01.2016,,30/9-28 S,NORTH SEA,,NO,7869,28123140.0,
30/10-2,30/10-2,WILDCAT,24.12.1973,ODIN,30/10-2 ODIN,NORTH SEA,,NO,392,44360.0,43610.0
30/10-6,30/10-6,WILDCAT,13.01.1992,,30/10-6,NORTH SEA,,NO,1816,44366.0,
30/10-7,30/10-7,WILDCAT,08.09.1992,,,NORTH SEA,,NO,2015,,
30/11-1,30/11-1,WILDCAT,05.02.1975,,,NORTH SEA,,NO,396,,
30/11-2,30/11-2,WILDCAT,18.03.1975,,,NORTH SEA,,NO,397,,
30/11-3,30/11-3,WILDCAT,17.11.1982,,,NORTH SEA,,NO,62,,
30/11-4,30/11-4,WILDCAT,25.01.1984,,,NORTH SEA,,NO,98,,
30/11-5,30/11-5,WILDCAT,05.12.1996,,30/11-5 (Steinbit),NORTH SEA,,NO,2986,23296145.0,
30/11-6 S,30/11-6,WILDCAT,03.06.2004,,,NORTH SEA,,NO,4950,,
30/11-7,30/11-7,WILDCAT,12.11.2008,,30/11-7 (Fulla),NORTH SEA,,NO,5919,5490395.0,
30/11-8 A,30/11-8,WILDCAT,20.05.2011,,30/11-8 A,NORTH SEA,,NO,6611,20484993.0,
30/11-8 S,30/11-8,WILDCAT,20.03.2011,,30/11-8 S (Krafla),NORTH SEA,,NO,6540,20460100.0,
30/11-9 A,30/11-9,WILDCAT,14.11.2013,,30/11-9 A (Askja Øst),NORTH SEA,,NO,7281,24216071.0,
30/11-9 S,30/11-9,WILDCAT,22.09.2013,,30/11-9 S (Askja),NORTH SEA,,NO,7280,23892654.0,
30/11-10,30/11-10,WILDCAT,02.11.2014,,30/11-10 (Krafla Nord),NORTH SEA,,NO,7595,25612576.0,
30/11-11 A,30/11-11,WILDCAT,22.03.2016,,,NORTH SEA,,NO,7914,,
30/11-11 S,30/11-11,WILDCAT,05.03.2016,,30/11-11 S (Madam Felle),NORTH SEA,,NO,7896,28160390.0,
30/11-12 S,30/11-12,WILDCAT,08.04.2016,,30/11-12 S (Askja Sørøst),NORTH SEA,,NO,7921,28184810.0,
30/11-13,30/11-13,WILDCAT,22.05.2016,,30/11-13 (Beerenberg),NORTH SEA,,NO,7948,28185156.0,
30/11-14,30/11-14,WILDCAT,07.06.2016,,30/11-14 (Slemmestad),NORTH SEA,,NO,7982,28222393.0,
30/11-14 B,30/11-14,WILDCAT,06.07.2016,,30/11-14 B (Haraldsplass),NORTH SEA,,NO,7984,28222402.0,
30/12-1,30/12-1,WILDCAT,06.01.1994,,,NORTH SEA,,NO,2248,,
31/1-1,31/1-1,WILDCAT,02.01.2008,,,NORTH SEA,,NO,5765,,
31/2-1,31/2-1,WILDCAT,17.07.1979,TROLL,31/2-1 TROLL VEST,NORTH SEA,,NO,398,44534.0,46437.0
31/2-1 R,31/2-1,WILDCAT,26.10.1981,TROLL,31/2-1 TROLL VEST,NORTH SEA,,YES,505,44534.0,46437.0
31/2-8,31/2-8,WILDCAT,16.06.1982,,,NORTH SEA,,NO,78,,
31/2-19 S,31/2-19,WILDCAT,08.05.1996,,,NORTH SEA,,NO,2798,,
31/2-20 S,31/2-20,WILDCAT,27.11.2002,TROLL,31/2-1 TROLL VEST,NORTH SEA,,NO,4636,44534.0,46437.0
31/2-21 S,31/2-21,WILDCAT,28.04.2014,,,NORTH SEA,,NO,7416,,
31/3-3,31/3-3,WILDCAT,13.10.1984,,,NORTH SEA,,NO,447,,
31/3-4,31/3-4,WILDCAT,22.11.2013,,,NORTH SEA,,NO,7292,,
31/4-1,31/4-1,WILDCAT,09.09.1979,,,NORTH SEA,,NO,400,,
31/4-2,31/4-2,WILDCAT,26.09.1979,,,NORTH SEA,,NO,401,,
31/4-3,31/4-3,WILDCAT,24.12.1979,BRAGE,31/4-3 BRAGE,NORTH SEA,,NO,402,44546.0,43651.0
31/4-4,31/4-4,WILDCAT,17.12.1980,,,NORTH SEA,,NO,214,,
31/4-11,31/4-11,WILDCAT,27.07.2000,BRAGE,31/4-11,NORTH SEA,,NO,4147,1626899.0,43651.0
31/4-12,31/4-12,WILDCAT,06.02.2005,,,NORTH SEA,,NO,5051,,
31/5-6,31/5-6,WILDCAT,05.07.2000,,,NORTH SEA,,NO,4128,,
31/6-1,31/6-1,WILDCAT,15.07.1983,TROLL,31/6-1 TROLL ØST,NORTH SEA,,NO,22,44552.0,46437.0
31/6-3,31/6-3,WILDCAT,01.11.1983,,,NORTH SEA,,NO,35,,
31/7-1,31/7-1,WILDCAT,23.05.2016,,31/7-1 (Brasse),NORTH SEA,,NO,7954,28222384.0,
31/8-1,31/8-1,WILDCAT,27.06.2011,,,NORTH SEA,,NO,6604,,
31/10-1,31/10-1,WILDCAT,01.07.2014,,,NORTH SEA,,NO,7504,,
32/2-1,32/2-1,WILDCAT,18.06.2008,,,NORTH SEA,,NO,5839,,
32/4-1,32/4-1,WILDCAT,21.10.1996,,,NORTH SEA,,NO,2918,,
33/2-1,33/2-1,WILDCAT,07.10.2014,,,NORTH SEA,,NO,7391,,
33/2-2 S,33/2-2,WILDCAT,04.03.2015,,33/2-2 S (Morkel),NORTH SEA,,NO,7630,26375958.0,
33/5-1,33/5-1,WILDCAT,19.07.1979,,,NORTH SEA,,NO,103,,
33/5-2,33/5-2,WILDCAT,31.07.1981,,,NORTH SEA,,NO,405,,
33/6-1,33/6-1,WILDCAT,09.04.1979,,,NORTH SEA,,NO,406,,
33/6-2,33/6-2,WILDCAT,28.10.1996,,,NORTH SEA,,NO,2873,,
33/6-4,33/6-4,WILDCAT,06.07.2012,,,NORTH SEA,,NO,6822,,
33/9-6,33/9-6,WILDCAT,23.06.1976,,33/9-6 DELTA,NORTH SEA,,NO,411,44576.0,
33/9-7,33/9-7,WILDCAT,11.09.1976,STATFJORD ØST,33/9-7 STATFJORD ØST,NORTH SEA,,NO,412,44582.0,43672.0
33/9-8,33/9-8,WILDCAT,11.11.1976,STATFJORD NORD,33/9-8 STATFJORD NORD,NORTH SEA,,NO,413,44588.0,43679.0
33/9-10,33/9-10,WILDCAT,08.04.1978,,,NORTH SEA,,NO,415,,
33/9-11,33/9-11,WILDCAT,17.06.1978,,,NORTH SEA,,NO,416,,
33/9-15,33/9-15,WILDCAT,23.04.1992,,,NORTH SEA,,NO,1810,,
33/9-16,33/9-16,WILDCAT,28.11.1992,,,NORTH SEA,,NO,1801,,
33/9-17,33/9-17,WILDCAT,02.04.1994,,,NORTH SEA,,NO,2114,,
33/9-18,33/9-18,WILDCAT,16.11.1994,,,NORTH SEA,,NO,2454,,
33/9-18 A,33/9-18,WILDCAT,21.12.1994,,,NORTH SEA,,NO,2455,,
33/9-19 S,33/9-19,WILDCAT,29.06.1996,SYGNA,33/9-19 S SYGNA,NORTH SEA,,NO,2830,44564.0,104718.0
33/12-1,33/12-1,WILDCAT,01.12.1973,STATFJORD,33/12-1 STATFJORD,NORTH SEA,,NO,417,44558.0,43658.0
33/12-6,33/12-6,WILDCAT,02.03.1976,,,NORTH SEA,,NO,119,,
33/12-7,33/12-7,WILDCAT,22.02.1989,,,NORTH SEA,,NO,1358,,
33/12-8 A,33/12-8,WILDCAT,26.04.2002,GULLFAKS SØR,33/12-8 A SKINFAKS,NORTH SEA,,NO,4532,2074147.0,43699.0
33/12-8 S,33/12-8,WILDCAT,26.03.2002,GULLFAKS SØR,33/12-8 S SKINFAKS ,NORTH SEA,,NO,4493,2074087.0,43699.0
33/12-9 S,33/12-9,WILDCAT,28.10.2011,,33/12-9 S (Skinfaks Sør),NORTH SEA,,NO,6729,21334454.0,
33/12-10 S,33/12-10,WILDCAT,30.08.2014,,,NORTH SEA,,NO,7486,,
34/2-1,34/2-1,WILDCAT,29.12.1979,,,NORTH SEA,,NO,420,,
34/2-2,34/2-2,WILDCAT,27.11.1980,,,NORTH SEA,,NO,215,,
34/2-2 R,34/2-2,WILDCAT,12.12.1980,,,NORTH SEA,,YES,497,,
34/2-3,34/2-3,WILDCAT,15.05.1981,,,NORTH SEA,,NO,421,,
34/2-4,34/2-4,WILDCAT,22.03.1985,,,NORTH SEA,,NO,467,,
34/3-1 S,34/3-1,WILDCAT,28.04.2008,KNARR,34/3-1 S KNARR,NORTH SEA,,NO,5811,4999474.0,20460988.0
34/3-2 S,34/3-2,WILDCAT,25.10.2009,,,NORTH SEA,,NO,6249,,
34/3-3 S,34/3-3,WILDCAT,10.09.2011,KNARR,34/3-3 S,NORTH SEA,,NO,6588,21124644.0,20460988.0
34/3-4 A,34/3-4,WILDCAT,01.12.2014,,,NORTH SEA,,NO,7606,,
34/3-4 S,34/3-4,WILDCAT,13.11.2014,,,NORTH SEA,,NO,7605,,
34/3-5,34/3-5,WILDCAT,14.02.2015,,,NORTH SEA,,NO,7646,,
34/4-1,34/4-1,WILDCAT,11.07.1979,SNORRE,34/4-1 SNORRE,NORTH SEA,,NO,422,44654.0,43718.0
34/4-2,34/4-2,WILDCAT,06.03.1980,,,NORTH SEA,,NO,228,,
34/4-3,34/4-3,WILDCAT,16.10.1981,,,NORTH SEA,,NO,423,,
34/4-5,34/4-5,WILDCAT,13.11.1983,,34/4-5,NORTH SEA,,NO,37,44660.0,
34/4-8,34/4-8,WILDCAT,22.05.1994,,,NORTH SEA,,NO,1908,,
34/4-10,34/4-10,WILDCAT,12.02.2000,,34/4-10 (Beta Brent),NORTH SEA,,NO,3143,1030530.0,
34/4-10 R,34/4-10,WILDCAT,13.03.2000,,34/4-10 (Beta Brent),NORTH SEA,,YES,4051,1030530.0,
34/4-11,34/4-11,WILDCAT,13.10.2009,,34/4-11 (Beta),NORTH SEA,,NO,6227,17826500.0,
34/4-12 A,34/4-12,WILDCAT,27.01.2010,SNORRE,34/4-12 A,NORTH SEA,,NO,6316,18082189.0,43718.0
34/4-12 S,34/4-12,WILDCAT,19.12.2009,,34/4-12 S,NORTH SEA,,NO,6283,18012830.0,
34/5-1 S,34/5-1,WILDCAT,07.01.2010,,34/5-1 S,NORTH SEA,,NO,6307,18082198.0,
34/6-1 S,34/6-1,WILDCAT,18.07.2002,,,NORTH SEA,,NO,4561,,
34/6-2 S,34/6-2,WILDCAT,06.08.2012,,34/6-2 S (Garantiana),NORTH SEA,,NO,6971,22506411.0,
34/6-3 A,34/6-3,WILDCAT,25.09.2014,,34/6-3 A (Akkar),NORTH SEA,,NO,7587,25307119.0,
34/6-4,34/6-4,WILDCAT,18.12.2015,,,NORTH SEA,,NO,7853,,
34/7-2,34/7-2,WILDCAT,02.09.1984,,,NORTH SEA,,NO,233,,
34/7-8,34/7-8,WILDCAT,05.02.1986,VIGDIS,34/7-8 VIGDIS,NORTH SEA,,NO,878,44714.0,43732.0
34/7-11,34/7-11,WILDCAT,02.10.1987,,,NORTH SEA,,NO,1176,,
34/7-12,34/7-12,WILDCAT,11.10.1987,TORDIS,34/7-12 TORDIS,NORTH SEA,,NO,1187,44666.0,43725.0
34/7-15 S,34/7-15,WILDCAT,23.05.1990,,,NORTH SEA,,NO,1544,,
34/7-18,34/7-18,WILDCAT,20.07.1991,,,NORTH SEA,,NO,1819,,
34/7-20,34/7-20,WILDCAT,18.07.1992,,,NORTH SEA,,NO,1967,,
34/7-21,34/7-21,WILDCAT,19.10.1992,TORDIS,34/7-21 BORG,NORTH SEA,,NO,2026,44690.0,43725.0
34/7-22,34/7-22,WILDCAT,15.08.1993,TORDIS,34/7-22 TORDIS ØST,NORTH SEA,,NO,2167,44696.0,43725.0
34/7-23 S,34/7-23,WILDCAT,22.02.1994,VIGDIS,34/7-23 S,NORTH SEA,,NO,2296,44702.0,43732.0
34/7-25 S,34/7-25,WILDCAT,31.07.1996,TORDIS,34/7-25 S,NORTH SEA,,NO,2863,44708.0,43725.0
34/7-27,34/7-27,WILDCAT,01.09.1998,,,NORTH SEA,,NO,3214,,
34/7-28,34/7-28,WILDCAT,30.12.1997,,,NORTH SEA,,NO,3282,,
34/7-32,34/7-32,WILDCAT,09.10.2001,,,NORTH SEA,,NO,4423,,
34/7-33,34/7-33,WILDCAT,16.08.2008,,,NORTH SEA,,NO,5917,,
34/7-34,34/7-34,WILDCAT,14.02.2009,VIGDIS,34/7-34,NORTH SEA,,NO,5973,5490421.0,43732.0
34/7-35 S,34/7-35,WILDCAT,08.05.2012,,,NORTH SEA,,NO,6881,,
34/7-36 S,34/7-36,WILDCAT,28.07.2014,,,NORTH SEA,,NO,7524,,
34/8-1,34/8-1,WILDCAT,11.11.1985,VISUND,34/8-1 VISUND,NORTH SEA,,NO,854,44720.0,43745.0
34/8-2,34/8-2,WILDCAT,04.10.1986,,,NORTH SEA,,NO,915,,
34/8-4 S,34/8-4,WILDCAT,06.12.1990,VISUND,34/8-4 S,NORTH SEA,,NO,1683,44726.0,43745.0
34/8-6,34/8-6,WILDCAT,21.09.1991,,,NORTH SEA,,NO,1842,,
34/8-7,34/8-7,WILDCAT,21.03.1992,,34/8-7,NORTH SEA,,NO,1941,44732.0,
34/8-7 R,34/8-7,WILDCAT,19.11.1992,,34/8-7,NORTH SEA,,YES,2057,44732.0,
34/8-12 S,34/8-12,WILDCAT,06.11.2001,GIMLE,34/8-12 S,NORTH SEA,,NO,4424,1853123.0,4005142.0
34/8-13 A,34/8-13,WILDCAT,17.03.2009,VISUND,34/8-13 A,NORTH SEA,,NO,6024,5490448.0,43745.0
34/8-13 S,34/8-13,WILDCAT,14.05.2009,VISUND,34/8-13 S,NORTH SEA,,NO,6025,5798457.0,43745.0
34/8-14 S,34/8-14,WILDCAT,17.09.2008,VISUND SØR,34/8-14 S VISUND SØR,NORTH SEA,,NO,5943,5081135.0,20461008.0
34/8-15 S,34/8-15,WILDCAT,03.01.2013,VISUND,34/8-15 S,NORTH SEA,,NO,7072,23410379.0,43745.0
34/8-16 S,34/8-16,WILDCAT,29.09.2015,,34/8-16 S (Tarvos),NORTH SEA,,NO,7800,27116419.0,
34/8-17 S,34/8-17,WILDCAT,16.01.2014,VISUND,34/8-17 S,NORTH SEA,,NO,7310,24612277.0,43745.0
34/10-1,34/10-1,WILDCAT,20.06.1978,GULLFAKS,34/10-1 GULLFAKS,NORTH SEA,,NO,424,44594.0,43686.0
34/10-2,34/10-2,WILDCAT,09.09.1978,GULLFAKS SØR,34/10-2 GULLFAKS SØR,NORTH SEA,,NO,425,44606.0,43699.0
34/10-10,34/10-10,WILDCAT,15.08.1980,,,NORTH SEA,,NO,430,,
34/10-10 R,34/10-10,WILDCAT,19.09.1980,,,NORTH SEA,,YES,859,,
34/10-12,34/10-12,WILDCAT,16.07.1981,,,NORTH SEA,,NO,204,,
34/10-17,34/10-17,WILDCAT,22.02.1983,GULLFAKS SØR,34/10-17 RIMFAKS,NORTH SEA,,NO,5,44600.0,43699.0
34/10-18,34/10-18,WILDCAT,16.07.1983,,,NORTH SEA,,NO,23,,
34/10-20,34/10-20,WILDCAT,23.12.1983,,,NORTH SEA,,NO,212,,
34/10-23,34/10-23,WILDCAT,06.05.1985,VALEMON,34/10-23 VALEMON,NORTH SEA,,NO,476,44618.0,20460969.0
34/10-34,34/10-34,WILDCAT,10.04.1991,GULLFAKS,34/10-34 GULLFAKS VEST,NORTH SEA,,NO,1747,44624.0,43686.0
34/10-34 R,34/10-34,WILDCAT,06.10.2001,GULLFAKS,34/10-34 GULLFAKS VEST,NORTH SEA,,YES,4426,44624.0,43686.0
34/10-37,34/10-37,WILDCAT,26.01.1995,GULLFAKS SØR,34/10-37 GULLVEIG,NORTH SEA,,NO,2431,44630.0,43699.0
34/10-39 S,34/10-39,WILDCAT,31.05.1995,,,NORTH SEA,,NO,2574,,
34/10-40 S,34/10-40,WILDCAT,13.08.1995,,34/10-40 S,NORTH SEA,34/10-B-35   ,NO,2634,44636.0,
34/10-41 S,34/10-41,WILDCAT,13.07.1997,,,NORTH SEA,,NO,3085,,
34/10-43 S,34/10-43,WILDCAT,25.02.2001,GULLFAKS SØR,34/10-43 S,NORTH SEA,,NO,4247,1628630.0,43699.0
34/10-44 S,34/10-44,WILDCAT,30.05.2001,GULLFAKS SØR,34/10-44 S RIMFAKS LUNDE,NORTH SEA,34/10-J-4 H  ,NO,4422,1630418.0,43699.0
34/10-45 B,34/10-45,WILDCAT,10.10.2003,GULLFAKS,34/10-45 B,NORTH SEA,34/10-B-42 E  ,NO,4824,2482767.0,43686.0
34/10-45 S,34/10-45,WILDCAT,03.11.2001,GULLFAKS,34/10-45 S,NORTH SEA,34/10-B-42 A  ,NO,4450,1853762.0,43686.0
34/10-46 A,34/10-46,WILDCAT,01.02.2002,GULLFAKS,34/10-46 A,NORTH SEA,34/10-A-48 A  ,NO,4500,2066044.0,43686.0
34/10-46 S,34/10-46,WILDCAT,13.11.2001,GULLFAKS,34/10-46 A,NORTH SEA,34/10-A-48   ,NO,4489,2066044.0,43686.0
34/10-47 A,34/10-47,WILDCAT,02.11.2002,,,NORTH SEA,,NO,4640,,
34/10-47 S,34/10-47,WILDCAT,22.09.2002,GULLFAKS SØR,34/10-47 S GULLTOPP,NORTH SEA,,NO,4609,2144184.0,43699.0
34/10-48 S,34/10-48,WILDCAT,17.03.2004,GIMLE,34/10-48 S GIMLE,NORTH SEA,,NO,4902,3000688.0,4005142.0
34/10-49 A,34/10-49,WILDCAT,21.05.2006,,,NORTH SEA,,NO,5282,,
34/10-49 S,34/10-49,WILDCAT,20.03.2006,GULLFAKS SØR,34/10-49 S ALUN,NORTH SEA,,NO,5140,4038603.0,43699.0
34/10-52 A,34/10-52,WILDCAT,18.06.2011,GULLFAKS SØR,34/10-52 A,NORTH SEA,,NO,6657,21060702.0,43699.0
34/10-52 B,34/10-52,WILDCAT,07.08.2011,GULLFAKS SØR,34/10-52 B,NORTH SEA,,NO,6658,21060720.0,43699.0
34/10-53 A,34/10-53,WILDCAT,24.03.2011,GULLFAKS SØR,34/10-53 A,NORTH SEA,,NO,6495,20474194.0,43699.0
34/10-53 S,34/10-53,WILDCAT,06.12.2010,GULLFAKS SØR,34/10-53 S,NORTH SEA,,NO,6212,20415280.0,43699.0
34/10-54 A,34/10-54,WILDCAT,11.02.2014,VALEMON,34/10-54 A,NORTH SEA,,NO,7254,24617709.0,20460969.0
34/10-54 S,34/10-54,WILDCAT,02.09.2013,VALEMON,34/10-54 S,NORTH SEA,,NO,7253,24617878.0,20460969.0
34/11-1,34/11-1,WILDCAT,07.07.1994,KVITEBJØRN,34/11-1 KVITEBJØRN,NORTH SEA,,NO,2377,44642.0,1036101.0
34/11-2 S,34/11-2,WILDCAT,16.01.1996,,34/11-2 S (Nøkken),NORTH SEA,,NO,2733,44648.0,
34/12-1,34/12-1,WILDCAT,03.11.2007,,34/12-1 (Afrodite),NORTH SEA,,NO,5684,4972705.0,
35/1-1,35/1-1,WILDCAT,28.05.2002,,,NORTH SEA,,NO,4541,,
35/1-2 S,35/1-2,WILDCAT,12.09.2010,,,NORTH SEA,,NO,6427,,
35/2-1,35/2-1,WILDCAT,21.07.2005,,35/2-1 (Peon),NORTH SEA,,NO,5135,3465397.0,
35/2-1 R,35/2-1,WILDCAT,15.06.2006,,35/2-1 (Peon),NORTH SEA,,YES,5376,3465397.0,
35/2-3,35/2-3,WILDCAT,13.06.2012,,,NORTH SEA,,NO,6921,,
35/3-1,35/3-1,WILDCAT,19.07.1976,,,NORTH SEA,,NO,432,,
35/3-2,35/3-2,WILDCAT,19.05.1980,,35/3-2 AGAT,NORTH SEA,,NO,136,44768.0,
35/3-3,35/3-3,WILDCAT,30.10.1980,,,NORTH SEA,,NO,491,,
35/3-5,35/3-5,WILDCAT,22.12.1981,,,NORTH SEA,,NO,433,,
35/3-6,35/3-6,WILDCAT,06.02.2002,,,NORTH SEA,,NO,4492,,
35/3-7 S,35/3-7,WILDCAT,28.06.2009,,35/3-7 S,NORTH SEA,,NO,6154,17221700.0,
35/4-1,35/4-1,WILDCAT,23.12.1996,,,NORTH SEA,,NO,2993,,
35/6-1 S,35/6-1,WILDCAT,04.02.2009,,,NORTH SEA,,NO,6000,,
35/6-2 S,35/6-2,WILDCAT,11.02.2009,,,NORTH SEA,,NO,6063,,
35/7-1 S,35/7-1,WILDCAT,13.05.2011,,,NORTH SEA,,NO,6599,,
35/8-1,35/8-1,WILDCAT,27.07.1980,VEGA,35/8-1 VEGA,NORTH SEA,,NO,205,44774.0,4467595.0
35/8-2,35/8-2,WILDCAT,30.08.1981,VEGA,35/8-2 VEGA,NORTH SEA,,NO,434,44780.0,4467595.0
35/8-3,35/8-3,WILDCAT,06.07.1988,,35/8-3 (Aurora),NORTH SEA,,NO,1288,1333027.0,
35/8-4,35/8-4,WILDCAT,04.07.1999,,,NORTH SEA,,NO,3791,,
35/8-5 S,35/8-5,WILDCAT,01.06.2003,,,NORTH SEA,,NO,4761,,
35/8-6 A,35/8-6,WILDCAT,22.04.2016,,35/8-6 A,NORTH SEA,,NO,7941,28183437.0,
35/8-6 S,35/8-6,WILDCAT,17.03.2016,,,NORTH SEA,,NO,7916,,
35/9-1,35/9-1,WILDCAT,01.04.1989,GJØA,35/9-1 GJØA,NORTH SEA,,NO,1375,44786.0,4467574.0
35/9-1 R,35/9-1,WILDCAT,03.07.1989,GJØA,35/9-1 GJØA,NORTH SEA,,YES,1441,44786.0,4467574.0
35/9-2,35/9-2,WILDCAT,01.01.1991,GJØA,35/9-2,NORTH SEA,,NO,1600,2449421.0,4467574.0
35/9-3,35/9-3,WILDCAT,23.09.1997,,35/9-3,NORTH SEA,,NO,3206,45651.0,
35/9-5,35/9-5,WILDCAT,01.01.2010,,,NORTH SEA,,NO,6293,,
35/9-6 S,35/9-6,WILDCAT,29.09.2010,,35/9-6 S,NORTH SEA,,NO,6429,18449542.0,
35/9-7,35/9-7,WILDCAT,28.02.2012,,35/9-7 (Skarfjell),NORTH SEA,,NO,6776,21667341.0,
35/9-9,35/9-9,WILDCAT,04.10.2013,,,NORTH SEA,,NO,7257,,
35/9-12 S,35/9-12,WILDCAT,04.11.2014,,,NORTH SEA,,NO,7552,,
35/10-1,35/10-1,WILDCAT,01.08.1991,,35/10-1,NORTH SEA,,NO,1822,23296174.0,
35/10-2,35/10-2,WILDCAT,16.04.1996,,35/10-2,NORTH SEA,,NO,2783,44738.0,
35/10-3,35/10-3,WILDCAT,23.06.1999,,,NORTH SEA,,NO,3719,,
35/11-1,35/11-1,WILDCAT,23.05.1984,,,NORTH SEA,,NO,128,,
35/11-2,35/11-2,WILDCAT,20.07.1987,VEGA,35/11-2 VEGA SØR,NORTH SEA,,NO,893,44744.0,4467595.0
35/11-3 S,35/11-3,WILDCAT,27.06.1989,,,NORTH SEA,,NO,1356,,
35/11-4,35/11-4,WILDCAT,18.08.1990,FRAM,35/11-4 FRAM,NORTH SEA,,NO,1523,44750.0,1578840.0
35/11-5,35/11-5,WILDCAT,27.06.1991,,35/11-5,NORTH SEA,,NO,1780,20460562.0,
35/11-7,35/11-7,WILDCAT,23.07.1992,FRAM,35/11-7,NORTH SEA,,NO,1979,44756.0,1578840.0
35/11-8 S,35/11-8,WILDCAT,03.03.1996,FRAM,35/11-8 S,NORTH SEA,,NO,2772,44762.0,1578840.0
35/11-12,35/11-12,WILDCAT,19.04.2000,,,NORTH SEA,,NO,4054,,
35/11-13,35/11-13,WILDCAT,18.03.2005,,35/11-13 BYRDING,NORTH SEA,,NO,5063,3465388.0,
35/11-15 S,35/11-15,WILDCAT,01.04.2007,FRAM H-NORD,35/11-15 S FRAM H-NORD,NORTH SEA,,NO,5517,4475297.0,23410947.0
35/11-16 S,35/11-16,WILDCAT,10.01.2014,,,NORTH SEA,,NO,7303,,
35/11-17,35/11-17,WILDCAT,24.03.2014,,35/11-17 (F-Vest),NORTH SEA,,NO,7408,24624369.0,
35/11-18,35/11-18,WILDCAT,19.08.2015,,35/11-18 (Syrah),NORTH SEA,,NO,7771,27122993.0,
35/11-19 S,35/11-19,WILDCAT,16.05.2016,,,NORTH SEA,,NO,7960,,
35/11-20 B,35/11-20,WILDCAT,07.08.2016,,,NORTH SEA,,NO,8036,,
35/11-20 S,35/11-20,WILDCAT,19.05.2016,,,NORTH SEA,,NO,7978,,
35/12-1,35/12-1,WILDCAT,27.02.1992,,,NORTH SEA,,NO,1881,,
35/12-2,35/12-2,WILDCAT,30.05.2009,,35/12-2 (Grosbeak),NORTH SEA,,NO,6095,5818175.0,
35/12-3 S,35/12-3,WILDCAT,24.12.2010,,,NORTH SEA,,NO,6516,,
35/12-5 S,35/12-5,WILDCAT,10.05.2015,,,NORTH SEA,,NO,7683,,
36/1-1,36/1-1,WILDCAT,09.05.1975,,,NORTH SEA,,NO,435,,
36/1-2,36/1-2,WILDCAT,26.08.1975,,,NORTH SEA,,NO,436,,
36/4-1,36/4-1,WILDCAT,03.09.1996,,,NORTH SEA,,NO,2847,,
36/7-1,36/7-1,WILDCAT,31.03.1996,GJØA,36/7-1,NORTH SEA,,NO,1794,44792.0,4467574.0
36/7-2,36/7-2,WILDCAT,02.09.1997,,36/7-2,NORTH SEA,,NO,2990,44798.0,
36/7-3,36/7-3,WILDCAT,12.12.2001,,,NORTH SEA,,NO,4427,,
36/7-4,36/7-4,WILDCAT,18.07.2016,,36/7-4,NORTH SEA,,NO,7988,28543124.0,
6201/11-1,6201/11-1,WILDCAT,13.08.1987,,6201/11-1,NORWEGIAN SEA,,NO,1134,44810.0,
6201/11-2,6201/11-2,WILDCAT,11.01.1991,,,NORWEGIAN SEA,,NO,1549,,
6201/11-3,6201/11-3,WILDCAT,08.05.2012,,6201/11-3 (Albert),NORWEGIAN SEA,,NO,6821,22492626.0,
6201/11-3 R,6201/11-3,WILDCAT,15.08.2012,,6201/11-3 (Albert),NORWEGIAN SEA,,YES,7110,22492626.0,
6204/10-1,6204/10-1,WILDCAT,28.10.1995,,,NORWEGIAN SEA,,NO,2666,,
6204/10-2,6204/10-2,WILDCAT,19.01.1997,,,NORWEGIAN SEA,,NO,2952,,
6204/10-2 R,6204/10-2,WILDCAT,04.11.1997,,6204/10-2,NORWEGIAN SEA,,YES,3258,45664.0,
6204/11-1,6204/11-1,WILDCAT,12.10.1994,,6204/11-1,NORWEGIAN SEA,,NO,2205,44816.0,
6204/11-2,6204/11-2,WILDCAT,06.12.1997,,,NORWEGIAN SEA,,NO,3249,,
6205/3-1,6205/3-1,WILDCAT,24.10.1989,,,NORWEGIAN SEA,,NO,1479,,
6205/3-1 R,6205/3-1,WILDCAT,20.09.1990,,,NORWEGIAN SEA,,YES,1510,,
6302/6-1,6302/6-1,WILDCAT,24.06.2005,,6302/6-1 (Tulipan),NORWEGIAN SEA,,NO,5086,3505670.0,
6305/1-1,6305/1-1,WILDCAT,18.08.1998,,,NORWEGIAN SEA,,NO,3555,,
6305/5-1,6305/5-1,WILDCAT,27.07.1997,ORMEN LANGE,6305/5-1 ORMEN LANGE,NORWEGIAN SEA,,NO,3144,44822.0,2762452.0
6305/9-1,6305/9-1,WILDCAT,09.07.2001,,,NORWEGIAN SEA,,NO,4297,,
6305/9-2,6305/9-2,WILDCAT,26.12.2010,,,NORWEGIAN SEA,,NO,6502,,
6305/12-1,6305/12-1,WILDCAT,29.07.1991,,,NORWEGIAN SEA,,NO,1808,,
6305/12-2,6305/12-2,WILDCAT,16.10.1993,,,NORWEGIAN SEA,,NO,2207,,
6306/5-1,6306/5-1,WILDCAT,08.06.1997,,6306/5-1,NORWEGIAN SEA,,NO,3060,44828.0,
6306/5-2,6306/5-2,WILDCAT,22.08.2015,,,NORWEGIAN SEA,,NO,7726,,
6306/6-1,6306/6-1,WILDCAT,22.06.1994,,,NORWEGIAN SEA,,NO,2384,,
6306/6-2,6306/6-2,WILDCAT,21.08.2009,,,NORWEGIAN SEA,,NO,6143,,
6306/10-1,6306/10-1,WILDCAT,07.09.1990,,,NORWEGIAN SEA,,NO,1551,,
6403/6-1,6403/6-1,WILDCAT,10.04.2006,,,NORWEGIAN SEA,,NO,5296,,
6403/10-1,6403/10-1,WILDCAT,24.10.2002,,,NORWEGIAN SEA,,NO,4602,,
6404/11-1,6404/11-1,WILDCAT,01.12.2001,,,NORWEGIAN SEA,,NO,4465,,
6405/7-1,6405/7-1,WILDCAT,20.06.2003,,6405/7-1 (Ellida),NORWEGIAN SEA,,NO,4749,2472532.0,
6405/10-1,6405/10-1,WILDCAT,05.07.2007,,6405/10-1 (Midnattsol),NORWEGIAN SEA,,NO,5565,4527324.0,
6405/12-1,6405/12-1,WILDCAT,30.10.2014,,,NORWEGIAN SEA,,NO,7551,,
6406/1-1,6406/1-1,WILDCAT,05.04.2001,,6406/1-1 (Erlend Nord).,NORWEGIAN SEA,,NO,4262,1630215.0,
6406/1-2,6406/1-2,WILDCAT,26.06.2003,,6406/1-2 (Sklinna Sør),NORWEGIAN SEA,,NO,4762,2455593.0,
6406/2-1,6406/2-1,WILDCAT,30.10.1994,,6406/2-1 LAVRANS,NORWEGIAN SEA,,NO,2444,44834.0,
6406/2-1 R,6406/2-1,WILDCAT,21.08.1995,,6406/2-1 LAVRANS,NORWEGIAN SEA,,YES,2642,44834.0,
6406/2-3,6406/2-3,WILDCAT,24.08.1996,KRISTIN,6406/2-3 KRISTIN,NORWEGIAN SEA,,NO,2849,44840.0,1854729.0
6406/2-6,6406/2-6,WILDCAT,25.08.1998,,6406/2-6 RAGNFRID,NORWEGIAN SEA,,NO,3407,105682.0,
6406/2-6 R,6406/2-6,WILDCAT,17.05.2000,,6406/2-6 RAGNFRID,NORWEGIAN SEA,,YES,4108,105682.0,
6406/2-7,6406/2-7,WILDCAT,22.09.1999,,6406/2-7 (Erlend),NORWEGIAN SEA,,NO,3878,916112.0,
6406/2-8,6406/2-8,WILDCAT,17.01.2015,,6406/2-8 (Imsa Sør),NORWEGIAN SEA,,NO,7618,26337302.0,
6406/3-1,6406/3-1,WILDCAT,27.04.1984,,,NORWEGIAN SEA,,NO,108,,
6406/3-2,6406/3-2,WILDCAT,28.06.1986,,6406/3-2 (Trestakk),NORWEGIAN SEA,,NO,863,44846.0,
6406/3-5,6406/3-5,WILDCAT,03.04.1988,,,NORWEGIAN SEA,,NO,1227,,
6406/3-7,6406/3-7,WILDCAT,22.07.2006,,,NORWEGIAN SEA,,NO,5375,,
6406/3-8,6406/3-8,WILDCAT,16.05.2010,MARIA,6406/3-8 MARIA,NORWEGIAN SEA,,NO,6350,18212080.0,26465170.0
6406/3-9,6406/3-9,WILDCAT,09.11.2011,,6406/3-9,NORWEGIAN SEA,,NO,6594,21636940.0,
6406/5-1,6406/5-1,WILDCAT,23.12.2001,,6406/5-1,NORWEGIAN SEA,,NO,4451,2074021.0,
6406/6-1,6406/6-1,WILDCAT,15.08.1985,,,NORWEGIAN SEA,,NO,486,,
6406/6-2,6406/6-2,WILDCAT,23.09.2006,,,NORWEGIAN SEA,,NO,5359,,
6406/6-3,6406/6-3,WILDCAT,14.04.2013,,6406/6-3 (Mjøsa),NORWEGIAN SEA,,NO,7156,23411075.0,
6406/6-4,6406/6-4,WILDCAT,06.01.2015,,,NORWEGIAN SEA,,NO,7619,,
6406/6-4 S,6406/6-4,WILDCAT,11.08.2015,,6406/6-4 S,NORWEGIAN SEA,,NO,7658,27052647.0,
6406/8-1,6406/8-1,WILDCAT,15.09.1987,,,NORWEGIAN SEA,,NO,1136,,
6406/8-2,6406/8-2,WILDCAT,28.10.2006,,,NORWEGIAN SEA,,NO,5435,,
6406/9-1,6406/9-1,WILDCAT,15.06.2004,,6406/9-1 LINNORM,NORWEGIAN SEA,,NO,4927,3435686.0,
6406/9-3,6406/9-3,WILDCAT,18.04.2013,,6406/9-3 (Onyx Sør),NORWEGIAN SEA,,NO,7141,23761877.0,
6406/11-1 S,6406/11-1,WILDCAT,19.10.1990,,6406/11-1 S,NORWEGIAN SEA,,NO,1539,45707.0,
6406/12-1 S,6406/12-1,WILDCAT,15.12.1990,,,NORWEGIAN SEA,,NO,1711,,
6406/12-2,6406/12-2,WILDCAT,01.09.1995,,,NORWEGIAN SEA,,NO,2640,,
6406/12-3 A,6406/12-3,WILDCAT,26.04.2014,,6406/12-3 A (Bue),NORWEGIAN SEA,,NO,7432,24689696.0,
6406/12-3 S,6406/12-3,WILDCAT,21.01.2014,,6406/12-3 S (Pil),NORWEGIAN SEA,,NO,7322,24617697.0,
6406/12-4 A,6406/12-4,WILDCAT,17.08.2015,,,NORWEGIAN SEA,,NO,7774,,
6406/12-4 S,6406/12-4,WILDCAT,23.06.2015,,6406/12-4 S (Boomerang),NORWEGIAN SEA,,NO,7721,27051665.0,
6406/12-5 S,6406/12-5,WILDCAT,22.09.2015,,,NORWEGIAN SEA,,NO,7787,,
6407/1-1,6407/1-1,WILDCAT,19.10.1982,,,NORWEGIAN SEA,,NO,66,,
6407/1-2,6407/1-2,WILDCAT,13.11.1982,TYRIHANS,6407/1-2 TYRIHANS SØR,NORWEGIAN SEA,,NO,61,44852.0,3960848.0
6407/1-3,6407/1-3,WILDCAT,17.09.1983,TYRIHANS,6407/1-3 TYRIHANS NORD,NORWEGIAN SEA,,NO,29,44858.0,3960848.0
6407/1-6 S,6407/1-6,WILDCAT,07.12.2012,,6407/1-6 S,NORWEGIAN SEA,,NO,7086,23137754.0,
6407/1-7,6407/1-7,WILDCAT,01.02.2014,,6407/1-7,NORWEGIAN SEA,,NO,7412,24670839.0,
6407/2-1,6407/2-1,WILDCAT,03.06.1982,,,NORWEGIAN SEA,,NO,76,,
6407/2-4,6407/2-4,WILDCAT,23.07.2009,,,NORWEGIAN SEA,,NO,6106,,
6407/2-5 S,6407/2-5,WILDCAT,26.07.2009,,6407/2-5 S (Nona),NORWEGIAN SEA,,NO,6151,17115700.0,
6407/2-6 S,6407/2-6,WILDCAT,03.04.2010,,6407/2-6 S (Flyndretind),NORWEGIAN SEA,,NO,6351,18104628.0,
6407/3-1 S,6407/3-1,WILDCAT,14.04.2011,,,NORWEGIAN SEA,,NO,6582,,
6407/4-1,6407/4-1,WILDCAT,20.07.1985,,6407/4-1 (Spinell Sør),NORWEGIAN SEA,,NO,490,44864.0,
6407/5-1,6407/5-1,WILDCAT,11.12.1987,,,NORWEGIAN SEA,,NO,1174,,
6407/5-2 S,6407/5-2,WILDCAT,28.07.2011,,6407/5-2 S (Cortina),NORWEGIAN SEA,,NO,6648,21076978.0,
6407/6-1,6407/6-1,WILDCAT,16.09.1984,,,NORWEGIAN SEA,,NO,444,,
6407/6-2,6407/6-2,WILDCAT,04.10.1985,,,NORWEGIAN SEA,,NO,522,,
6407/6-2 R,6407/6-2,WILDCAT,08.05.1986,,,NORWEGIAN SEA,,YES,912,,
6407/6-2 R2,6407/6-2,WILDCAT,13.06.1986,,,NORWEGIAN SEA,,YES,928,,
6407/6-3,6407/6-3,WILDCAT,13.12.1986,MIKKEL,6407/6-3 MIKKEL,NORWEGIAN SEA,,NO,1024,44870.0,1630514.0
6407/6-6,6407/6-6,WILDCAT,02.01.2008,,6407/6-6 MIKKEL SØR,NORWEGIAN SEA,,NO,5636,4972665.0,
6407/6-7 S,6407/6-7,WILDCAT,12.04.2009,,6407/6-7 S MIKKEL SØR,NORWEGIAN SEA,,NO,6100,5506872.0,
6407/7-1 S,6407/7-1,WILDCAT,19.10.1985,NJORD,6407/7-1 S NJORD,NORWEGIAN SEA,,NO,474,44876.0,43751.0
6407/7-6,6407/7-6,WILDCAT,18.10.2000,NJORD,6407/7-6,NORWEGIAN SEA,,NO,4172,1341958.0,43751.0
6407/7-7 S,6407/7-7,WILDCAT,03.08.2007,NJORD,6407/7-7 S,NORWEGIAN SEA,,NO,5550,4527314.0,43751.0
6407/7-8,6407/7-8,WILDCAT,18.06.2008,,6407/7-8 (Noatun),NORWEGIAN SEA,,NO,5844,5071896.0,
6407/7-9 A,6407/7-9,WILDCAT,20.09.2016,,,NORWEGIAN SEA,,NO,8050,,
6407/7-9 S,6407/7-9,WILDCAT,15.08.2016,,,NORWEGIAN SEA,,NO,8029,,
6407/8-1,6407/8-1,WILDCAT,27.03.1992,,,NORWEGIAN SEA,,NO,1859,,
6407/8-2,6407/8-2,WILDCAT,19.10.1994,,6407/8-2 (Tau),NORWEGIAN SEA,,NO,2434,44882.0,
6407/8-3,6407/8-3,WILDCAT,13.05.1997,,,NORWEGIAN SEA,,NO,3092,,
6407/8-4 A,6407/8-4,WILDCAT,22.05.2008,,6407/8-4 A,NORWEGIAN SEA,,NO,5814,5010050.0,
6407/8-4 S,6407/8-4,WILDCAT,20.04.2008,,6407/8-4 S,NORWEGIAN SEA,,NO,5813,5010066.0,
6407/8-5 A,6407/8-5,WILDCAT,30.05.2009,HYME,6407/8-5 S HYME,NORWEGIAN SEA,,NO,6153,5506881.0,20474183.0
6407/8-5 S,6407/8-5,WILDCAT,02.05.2009,HYME,6407/8-5 S HYME,NORWEGIAN SEA,,NO,6110,5506881.0,20474183.0
6407/8-6,6407/8-6,WILDCAT,20.09.2013,,6407/8-6 (Snilehorn),NORWEGIAN SEA,,NO,7265,23867160.0,
6407/8-7,6407/8-7,WILDCAT,27.04.2015,,,NORWEGIAN SEA,,NO,7684,,
6407/8-7 A,6407/8-7,WILDCAT,17.05.2015,,,NORWEGIAN SEA,,NO,7707,,
6407/9-1,6407/9-1,WILDCAT,26.06.1984,DRAUGEN,6407/9-1 DRAUGEN,NORWEGIAN SEA,,NO,133,44888.0,43758.0
6407/9-7,6407/9-7,WILDCAT,26.04.1988,,,NORWEGIAN SEA,,NO,1057,,
6407/9-8,6407/9-8,WILDCAT,14.08.1992,,,NORWEGIAN SEA,6407/9-A-58 H  ,NO,1974,,
6407/9-9,6407/9-9,WILDCAT,22.06.1999,,6407/9-9 (Hasselmus),NORWEGIAN SEA,,NO,1990,110258.0,
6407/10-1,6407/10-1,WILDCAT,07.05.1987,,,NORWEGIAN SEA,,NO,1054,,
6407/10-2,6407/10-2,WILDCAT,03.05.1990,,,NORWEGIAN SEA,,NO,1497,,
6407/10-3,6407/10-3,WILDCAT,29.05.1992,,,NORWEGIAN SEA,,NO,1927,,
6407/10-4,6407/10-4,WILDCAT,12.11.2015,,,NORWEGIAN SEA,,NO,7699,,
6407/10-5,6407/10-5,WILDCAT,25.08.2015,,,NORWEGIAN SEA,,NO,7763,,
6407/12-2,6407/12-2,WILDCAT,23.11.2009,,,NORWEGIAN SEA,,NO,6191,,
6407/12-3,6407/12-3,WILDCAT,14.05.2010,,,NORWEGIAN SEA,,NO,6370,,
6408/4-1,6408/4-1,WILDCAT,18.09.1988,,,NORWEGIAN SEA,,NO,1246,,
6504/5-1 S,6504/5-1,WILDCAT,31.03.2007,,,NORWEGIAN SEA,,NO,5518,,
6505/10-1,6505/10-1,WILDCAT,28.03.1998,,,NORWEGIAN SEA,,NO,3259,,
6506/3-1,6506/3-1,WILDCAT,22.07.2001,,,NORWEGIAN SEA,,NO,4344,,
6506/6-1,6506/6-1,WILDCAT,10.07.2000,,6506/6-1 (Victoria),NORWEGIAN SEA,,NO,4122,1340823.0,
6506/6-2,6506/6-2,WILDCAT,11.12.2012,,,NORWEGIAN SEA,,NO,6960,,
6506/9-2 S,6506/9-2,WILDCAT,11.02.2010,,6506/9-2 S (Fogelberg),NORWEGIAN SEA,,NO,6332,18086230.0,
6506/9-3,6506/9-3,WILDCAT,16.06.2013,ÅSGARD,6506/9-3 (Smørbukk Nord),NORWEGIAN SEA,,NO,7207,23465876.0,43765.0
6506/11-1,6506/11-1,WILDCAT,30.12.1987,,,NORWEGIAN SEA,,NO,1216,,
6506/11-2,6506/11-2,WILDCAT,08.05.1991,,6506/11-2 (Lange),NORWEGIAN SEA,,NO,1754,44894.0,
6506/11-3,6506/11-3,WILDCAT,08.07.1992,,,NORWEGIAN SEA,,NO,1973,,
6506/11-7,6506/11-7,WILDCAT,25.01.2001,MORVIN,6506/11-7 MORVIN,NORWEGIAN SEA,,NO,3322,1630175.0,4966234.0
6506/11-9 S,6506/11-9,WILDCAT,09.05.2012,,,NORWEGIAN SEA,,NO,6852,,
6506/12-1,6506/12-1,WILDCAT,16.08.1984,ÅSGARD,6506/12-1 SMØRBUKK,NORWEGIAN SEA,,NO,1004,44900.0,43765.0
6506/12-2,6506/12-2,WILDCAT,12.02.1985,,,NORWEGIAN SEA,,NO,462,,
6506/12-3,6506/12-3,WILDCAT,02.03.1985,ÅSGARD,6506/12-3 SMØRBUKK SØR,NORWEGIAN SEA,,NO,468,45846.0,43765.0
6506/12-4,6506/12-4,WILDCAT,24.03.1985,,,NORWEGIAN SEA,,NO,475,,
6506/12-12 S,6506/12-12,WILDCAT,01.06.2009,ÅSGARD,6506/12-12 S,NORWEGIAN SEA,,NO,6144,18104901.0,43765.0
6507/1-1,6507/1-1,WILDCAT,25.09.2004,,,NORWEGIAN SEA,,NO,4955,,
6507/2-1,6507/2-1,WILDCAT,24.06.1986,,,NORWEGIAN SEA,,NO,911,,
6507/2-2,6507/2-2,WILDCAT,21.10.1991,MARULK,6507/2-2 MARULK,NORWEGIAN SEA,,NO,1840,44918.0,18212090.0
6507/2-3,6507/2-3,WILDCAT,14.03.1994,,,NORWEGIAN SEA,,NO,2299,,
6507/3-1,6507/3-1,WILDCAT,12.05.1990,ALVE,6507/3-1 ALVE,NORWEGIAN SEA,,NO,1533,44924.0,4444332.0
6507/3-2,6507/3-2,WILDCAT,06.04.1997,,,NORWEGIAN SEA,,NO,2954,,
6507/3-3,6507/3-3,WILDCAT,23.12.1998,SKARV,6507/3-3 IDUN,NORWEGIAN SEA,,NO,3668,105867.0,4704482.0
6507/3-5 S,6507/3-5,WILDCAT,28.02.2008,ALVE,6507/3-5 S,NORWEGIAN SEA,,NO,5307,4972713.0,4444332.0
6507/3-6,6507/3-6,WILDCAT,29.05.2009,,,NORWEGIAN SEA,,NO,6073,,
6507/3-7,6507/3-7,WILDCAT,02.06.2009,,6507/3-7 (Idun Nord),NORWEGIAN SEA,,NO,6123,5818184.0,
6507/3-8,6507/3-8,WILDCAT,09.11.2009,,6507/3-8 (Gjøk),NORWEGIAN SEA,,NO,6258,17341840.0,
6507/3-9 S,6507/3-9,WILDCAT,01.06.2012,SKARV,6507/3-9 S,NORWEGIAN SEA,,NO,6951,21695900.0,4704482.0
6507/3-10,6507/3-10,WILDCAT,25.06.2013,,6507/3-10 (Klara),NORWEGIAN SEA,,NO,7212,23465884.0,
6507/3-11 S,6507/3-11,WILDCAT,19.07.2015,,,NORWEGIAN SEA,,NO,7730,,
6507/5-1,6507/5-1,WILDCAT,24.12.1997,SKARV,6507/5-1 SKARV,NORWEGIAN SEA,,NO,3683,45801.0,4704482.0
6507/5-3,6507/5-3,WILDCAT,15.05.2000,SKARV,6507/5-3 SNADD,NORWEGIAN SEA,,NO,4059,1036252.0,4704482.0
6507/5-6 S,6507/5-6,WILDCAT,12.01.2010,SKARV,6507/5-6 S,NORWEGIAN SEA,,NO,6321,18161414.0,4704482.0
6507/5-7,6507/5-7,WILDCAT,07.06.2014,,,NORWEGIAN SEA,,NO,7428,,
6507/6-1,6507/6-1,WILDCAT,15.06.1986,,,NORWEGIAN SEA,,NO,910,,
6507/6-2,6507/6-2,WILDCAT,27.04.1991,,,NORWEGIAN SEA,,NO,1520,,
6507/6-3,6507/6-3,WILDCAT,31.10.2008,,,NORWEGIAN SEA,,NO,5922,,
6507/6-4 A,6507/6-4,WILDCAT,16.11.2011,,,NORWEGIAN SEA,,NO,6753,,
6507/6-4 S,6507/6-4,WILDCAT,26.10.2011,,,NORWEGIAN SEA,,NO,6725,,
6507/7-1,6507/7-1,WILDCAT,10.08.1984,,,NORWEGIAN SEA,,NO,138,,
6507/7-2,6507/7-2,WILDCAT,25.02.1985,HEIDRUN,6507/7-2 HEIDRUN,NORWEGIAN SEA,,NO,464,44930.0,43771.0
6507/7-10,6507/7-10,WILDCAT,28.09.1993,,,NORWEGIAN SEA,,NO,2182,,
6507/7-11 S,6507/7-11,WILDCAT,25.06.1997,,,NORWEGIAN SEA,,NO,3131,,
6507/7-12,6507/7-12,WILDCAT,17.07.1999,,,NORWEGIAN SEA,,NO,3812,,
6507/7-13,6507/7-13,WILDCAT,12.12.2000,,6507/7-13,NORWEGIAN SEA,,NO,4213,1628221.0,
6507/7-14 S,6507/7-14,WILDCAT,14.06.2010,,6507/7-14 S DVALIN,NORWEGIAN SEA,,NO,6367,18229140.0,
6507/7-15 S,6507/7-15,WILDCAT,09.01.2012,,6507/7-15 S DVALIN,NORWEGIAN SEA,,NO,6730,21667407.0,
6507/8-2,6507/8-2,WILDCAT,15.08.1987,,,NORWEGIAN SEA,,NO,1076,,
6507/8-3,6507/8-3,WILDCAT,03.09.1988,,,NORWEGIAN SEA,,NO,1309,,
6507/8-4,6507/8-4,WILDCAT,14.06.1990,HEIDRUN,6507/8-4 HEIDRUN NORD,NORWEGIAN SEA,,NO,1340,44936.0,43771.0
6507/8-5,6507/8-5,WILDCAT,02.03.1991,,,NORWEGIAN SEA,,NO,1749,,
6507/8-6,6507/8-6,WILDCAT,29.08.1993,,,NORWEGIAN SEA,,NO,2183,,
6507/8-7,6507/8-7,WILDCAT,05.01.2004,,,NORWEGIAN SEA,,NO,4854,,
6507/8-8,6507/8-8,WILDCAT,26.02.2011,,,NORWEGIAN SEA,,NO,6538,,
6507/10-1,6507/10-1,WILDCAT,10.07.1982,,,NORWEGIAN SEA,,NO,81,,
6507/10-2 S,6507/10-2,WILDCAT,10.11.2013,,6507/10-2 S (Novus),NORWEGIAN SEA,,NO,7300,24218006.0,
6507/11-1,6507/11-1,WILDCAT,13.09.1981,ÅSGARD,6507/11-1 MIDGARD,NORWEGIAN SEA,,NO,68,44912.0,43765.0
6507/11-2,6507/11-2,WILDCAT,18.04.1982,,,NORWEGIAN SEA,,NO,51,,
6507/11-4,6507/11-4,WILDCAT,16.05.1987,,,NORWEGIAN SEA,,NO,1055,,
6507/11-6,6507/11-6,WILDCAT,13.06.2001,,6507/11-6 SIGRID,NORWEGIAN SEA,,NO,4321,1630057.0,
6507/11-7,6507/11-7,WILDCAT,13.12.2006,,,NORWEGIAN SEA,,NO,5430,,
6507/11-8,6507/11-8,WILDCAT,31.05.2007,YTTERGRYTA,6507/11-8,NORWEGIAN SEA,6507/11-V-1 H  ,NO,5562,4475288.0,4973114.0
6507/11-9,6507/11-9,WILDCAT,12.03.2008,,6507/11-9 (Natalia),NORWEGIAN SEA,,NO,5766,4972689.0,
6507/11-10,6507/11-10,WILDCAT,16.01.2010,,,NORWEGIAN SEA,,NO,6122,,
6507/11-11,6507/11-11,WILDCAT,27.05.2015,,,NORWEGIAN SEA,,NO,7697,,
6507/12-1,6507/12-1,WILDCAT,01.07.1980,,,NORWEGIAN SEA,,NO,202,,
6507/12-2,6507/12-2,WILDCAT,09.06.1981,,,NORWEGIAN SEA,,NO,437,,
6507/12-3,6507/12-3,WILDCAT,16.08.1985,,,NORWEGIAN SEA,,NO,485,,
6508/1-1 A,6508/1-1,WILDCAT,29.08.1999,,,NORWEGIAN SEA,,NO,3849,,
6508/1-1 S,6508/1-1,WILDCAT,25.07.1999,,,NORWEGIAN SEA,,NO,3284,,
6508/1-2,6508/1-2,WILDCAT,20.08.2011,,6508/1-2,NORWEGIAN SEA,,NO,6551,21077280.0,
6508/5-1,6508/5-1,WILDCAT,22.04.1987,,,NORWEGIAN SEA,,NO,1044,,
6510/2-1,6510/2-1,WILDCAT,16.08.1997,,,NORWEGIAN SEA,,NO,3166,,
6510/2-1 R,6510/2-1,WILDCAT,05.11.1997,,,NORWEGIAN SEA,,YES,3263,,
6603/5-1 S,6603/5-1,WILDCAT,06.09.2010,,,NORWEGIAN SEA,,NO,6348,,
6603/12-1,6603/12-1,WILDCAT,26.03.2009,,6603/12-1 (Gro),NORWEGIAN SEA,,NO,5985,5798448.0,
6604/2-1,6604/2-1,WILDCAT,21.03.2011,,,NORWEGIAN SEA,,NO,6568,,
6604/10-1,6604/10-1,WILDCAT,26.05.2010,,6604/10-1,NORWEGIAN SEA,,NO,6356,20472522.0,
6605/1-1,6605/1-1,WILDCAT,07.12.2008,,,NORWEGIAN SEA,,NO,5979,,
6605/8-1,6605/8-1,WILDCAT,14.06.2005,,6605/8-1,NORWEGIAN SEA,,NO,4984,3490643.0,
6605/8-2,6605/8-2,WILDCAT,11.05.2008,,,NORWEGIAN SEA,,NO,5812,,
6607/2-1,6607/2-1,WILDCAT,09.02.2007,,,NORWEGIAN SEA,,NO,5471,,
6607/5-1,6607/5-1,WILDCAT,09.06.1987,,,NORWEGIAN SEA,,NO,1064,,
6607/5-2,6607/5-2,WILDCAT,07.08.1991,,,NORWEGIAN SEA,,NO,1789,,
6607/12-1,6607/12-1,WILDCAT,19.07.1986,,,NORWEGIAN SEA,,NO,925,,
6607/12-2 S,6607/12-2,WILDCAT,22.07.2011,,6607/12-2 S (Alve Nord),NORWEGIAN SEA,,NO,6642,21104629.0,
6607/12-3,6607/12-3,WILDCAT,22.10.2012,,6607/12-3,NORWEGIAN SEA,,NO,7039,22528465.0,
6608/2-1 S,6608/2-1,WILDCAT,06.06.2013,,,NORWEGIAN SEA,,NO,7192,,
6608/8-1,6608/8-1,WILDCAT,01.02.1997,,,NORWEGIAN SEA,,NO,2974,,
6608/8-2,6608/8-2,WILDCAT,14.10.2007,,,NORWEGIAN SEA,,NO,2989,,
6608/10-1,6608/10-1,WILDCAT,15.04.1989,,,NORWEGIAN SEA,,NO,1391,,
6608/10-2,6608/10-2,WILDCAT,28.10.1991,NORNE,6608/10-2 NORNE,NORWEGIAN SEA,,NO,1782,44942.0,43778.0
6608/10-4,6608/10-4,WILDCAT,15.12.1993,NORNE,6608/10-4,NORWEGIAN SEA,,NO,2256,44948.0,43778.0
6608/10-5,6608/10-5,WILDCAT,05.07.1995,,,NORWEGIAN SEA,,NO,2578,,
6608/10-6,6608/10-6,WILDCAT,29.02.2000,URD,6608/10-6 SVALE,NORWEGIAN SEA,,NO,3260,1030536.0,2834734.0
6608/10-6 R,6608/10-6,WILDCAT,27.11.2000,URD,6608/10-6 SVALE,NORWEGIAN SEA,,YES,4217,1030536.0,2834734.0
6608/10-6 R2,6608/10-6,WILDCAT,13.08.2001,URD,6608/10-6 SVALE,NORWEGIAN SEA,,YES,4386,1030536.0,2834734.0
6608/10-8,6608/10-8,WILDCAT,29.12.2001,URD,6608/10-8 STÆR,NORWEGIAN SEA,,NO,4439,2074060.0,2834734.0
6608/10-9,6608/10-9,WILDCAT,23.01.2003,URD,6608/10-9 LERKE,NORWEGIAN SEA,,NO,4668,2391586.0,2834734.0
6608/10-10,6608/10-10,WILDCAT,17.07.2003,,,NORWEGIAN SEA,,NO,4699,,
6608/10-11 S,6608/10-11,WILDCAT,12.07.2006,URD,6608/10-11 S (Trost),NORWEGIAN SEA,,NO,5386,4055854.0,2834734.0
6608/10-12,6608/10-12,WILDCAT,19.10.2008,SKULD,6608/10-12 SKULD,NORWEGIAN SEA,,NO,5949,5818165.0,21350124.0
6608/10-13,6608/10-13,WILDCAT,17.10.2009,,,NORWEGIAN SEA,,NO,6235,,
6608/10-14 S,6608/10-14,WILDCAT,22.02.2010,SKULD,6608/10-14 S SKULD,NORWEGIAN SEA,,NO,6306,18086080.0,21350124.0
6608/10-15,6608/10-15,WILDCAT,20.08.2013,URD,6608/10-6 SVALE,NORWEGIAN SEA,,NO,7245,1030536.0,2834734.0
6608/10-16,6608/10-16,WILDCAT,08.04.2014,,,NORWEGIAN SEA,,NO,7404,,
6608/11-1,6608/11-1,WILDCAT,19.07.1986,,,NORWEGIAN SEA,,NO,936,,
6608/11-2,6608/11-2,WILDCAT,28.10.2000,,6608/11-2 (Falk),NORWEGIAN SEA,,NO,4189,1340747.0,
6608/11-3,6608/11-3,WILDCAT,26.11.2002,,,NORWEGIAN SEA,,NO,4630,,
6608/11-4,6608/11-4,WILDCAT,01.05.2004,,6608/11-4 LINERLE,NORWEGIAN SEA,,NO,4939,2820030.0,
6608/11-5,6608/11-5,WILDCAT,18.06.2006,,,NORWEGIAN SEA,,NO,5316,,
6608/11-6,6608/11-6,WILDCAT,17.07.2008,,,NORWEGIAN SEA,,NO,5868,,
6608/11-7 S,6608/11-7,WILDCAT,07.09.2011,,,NORWEGIAN SEA,,NO,6701,,
6609/5-1,6609/5-1,WILDCAT,03.11.1984,,,NORWEGIAN SEA,,NO,445,,
6609/6-1,6609/6-1,WILDCAT,17.09.2007,,,NORWEGIAN SEA,,NO,5626,,
6609/7-1,6609/7-1,WILDCAT,21.06.1983,,,NORWEGIAN SEA,,NO,19,,
6609/10-1,6609/10-1,WILDCAT,02.08.1983,,,NORWEGIAN SEA,,NO,24,,
6609/10-2,6609/10-2,WILDCAT,05.09.2009,,,NORWEGIAN SEA,,NO,6188,,
6609/11-1,6609/11-1,WILDCAT,19.05.1983,,,NORWEGIAN SEA,,NO,15,,
6610/2-1 S,6610/2-1,WILDCAT,27.08.1996,,,NORWEGIAN SEA,,NO,2874,,
6610/3-1,6610/3-1,WILDCAT,29.10.1992,,,NORWEGIAN SEA,,NO,1864,,
6610/3-1 R,6610/3-1,WILDCAT,16.09.1993,,,NORWEGIAN SEA,,YES,2193,,
6610/3-1 R2,6610/3-1,WILDCAT,01.10.1996,,,NORWEGIAN SEA,,YES,2932,,
6610/7-1,6610/7-1,WILDCAT,18.04.1983,,,NORWEGIAN SEA,,NO,12,,
6610/7-2,6610/7-2,WILDCAT,28.08.1983,,,NORWEGIAN SEA,,NO,26,,
6610/10-1,6610/10-1,WILDCAT,01.01.2013,,,NORWEGIAN SEA,,NO,7091,,
6704/12-1,6704/12-1,WILDCAT,04.06.1999,,,NORWEGIAN SEA,,NO,3759,,
6705/10-1,6705/10-1,WILDCAT,05.02.2009,,6705/10-1 (Asterix),NORWEGIAN SEA,,NO,6044,5466760.0,
6706/6-1,6706/6-1,WILDCAT,02.05.2003,,6706/6-1 (Hvitveis),NORWEGIAN SEA,,NO,4705,2450045.0,
6706/11-1,6706/11-1,WILDCAT,12.10.1997,,,NORWEGIAN SEA,,NO,3202,,
6706/11-2,6706/11-2,WILDCAT,25.05.2015,,6706/11-2 (Gymir),NORWEGIAN SEA,,NO,7709,26376004.0,
6706/12-1,6706/12-1,WILDCAT,12.07.2008,AASTA HANSTEEN,6706/12-1,NORWEGIAN SEA,,NO,5867,5010082.0,23395946.0
6706/12-2,6706/12-2,WILDCAT,20.02.2015,,6706/12-2 (Snefrid Nord),NORWEGIAN SEA,,NO,7651,26311166.0,
6706/12-3,6706/12-3,WILDCAT,23.03.2015,,6706/12-3 (Roald Rygg),NORWEGIAN SEA,,NO,7666,26336800.0,
6707/10-1,6707/10-1,WILDCAT,19.04.1997,AASTA HANSTEEN,6707/10-1 AASTA HANSTEEN,NORWEGIAN SEA,,NO,3075,44954.0,23395946.0
6707/10-2 A,6707/10-2,WILDCAT,14.10.2008,,6707/10-2 A,NORWEGIAN SEA,,NO,5931,5125172.0,
6707/10-2 S,6707/10-2,WILDCAT,31.08.2008,AASTA HANSTEEN,6707/10-2 S,NORWEGIAN SEA,,NO,5918,5081127.0,23395946.0
6707/10-3 S,6707/10-3,WILDCAT,06.10.2014,,6707/10-3 S (Ivory),NORWEGIAN SEA,,NO,7550,25594096.0,
6710/10-1,6710/10-1,WILDCAT,05.10.2000,,,NORWEGIAN SEA,,NO,3941,,
7016/2-1,7016/2-1,WILDCAT,14.07.2013,,,BARENTS SEA,,NO,7232,,
7019/1-1,7019/1-1,WILDCAT,06.10.2000,,7019/1-1,BARENTS SEA,,NO,4145,1340799.0,
7117/9-1,7117/9-1,WILDCAT,20.04.1982,,,BARENTS SEA,,NO,49,,
7117/9-2,7117/9-2,WILDCAT,07.05.1983,,,BARENTS SEA,,NO,13,,
7119/7-1,7119/7-1,WILDCAT,12.07.1983,,,BARENTS SEA,,NO,21,,
7119/9-1,7119/9-1,WILDCAT,28.06.1984,,,BARENTS SEA,,NO,132,,
7119/12-1,7119/12-1,WILDCAT,14.06.1980,,,BARENTS SEA,,NO,121,,
7119/12-2,7119/12-2,WILDCAT,16.04.1981,,,BARENTS SEA,,NO,114,,
7119/12-3,7119/12-3,WILDCAT,20.05.1983,,7119/12-3,BARENTS SEA,,NO,17,44996.0,
7119/12-4,7119/12-4,WILDCAT,12.01.2011,,,BARENTS SEA,,NO,6468,,
7120/1-1,7120/1-1,WILDCAT,16.08.1985,,,BARENTS SEA,,NO,484,,
7120/1-1 R,7120/1-1,WILDCAT,02.12.1985,,,BARENTS SEA,,YES,874,,
7120/1-1 R2,7120/1-1,WILDCAT,13.03.1986,,,BARENTS SEA,,YES,897,,
7120/1-2,7120/1-2,WILDCAT,01.01.1989,,7120/1-2,BARENTS SEA,,NO,1366,3000739.0,
7120/1-3,7120/1-3,WILDCAT,16.07.2013,,7120/1-3 (Gohta),BARENTS SEA,,NO,7210,23761885.0,
7120/2-1,7120/2-1,WILDCAT,05.05.1985,,,BARENTS SEA,,NO,473,,
7120/2-2,7120/2-2,WILDCAT,27.01.1991,,,BARENTS SEA,,NO,1690,,
7120/2-3 S,7120/2-3,WILDCAT,15.05.2011,,7120/2-3 S (Skalle),BARENTS SEA,,NO,6592,20485020.0,
7120/5-1,7120/5-1,WILDCAT,17.04.1985,,,BARENTS SEA,,NO,471,,
7120/6-3 S,7120/6-3,WILDCAT,10.10.2012,,,BARENTS SEA,,NO,6772,,
7120/7-1,7120/7-1,WILDCAT,31.07.1982,SNØHVIT,7120/7-1 ASKELADD VEST,BARENTS SEA,,NO,85,45014.0,2053062.0
7120/7-2,7120/7-2,WILDCAT,26.05.1983,SNØHVIT,7120/7-2 ASKELADD SENTRAL,BARENTS SEA,,NO,18,45020.0,2053062.0
7120/7-3,7120/7-3,WILDCAT,18.03.1984,,,BARENTS SEA,,NO,104,,
7120/8-1,7120/8-1,WILDCAT,28.06.1981,SNØHVIT,7120/8-1 ASKELADD,BARENTS SEA,,NO,120,45026.0,2053062.0
7120/8-4,7120/8-4,WILDCAT,14.11.2007,,,BARENTS SEA,,NO,5572,,
7120/9-1,7120/9-1,WILDCAT,25.07.1982,SNØHVIT,7120/9-1 ALBATROSS,BARENTS SEA,,NO,82,45032.0,2053062.0
7120/10-1,7120/10-1,WILDCAT,10.08.1984,,,BARENTS SEA,,NO,274,,
7120/10-2,7120/10-2,WILDCAT,20.07.1990,,,BARENTS SEA,,NO,1561,,
7120/12-1,7120/12-1,WILDCAT,01.06.1980,,,BARENTS SEA,,NO,123,,
7120/12-2,7120/12-2,WILDCAT,15.04.1981,,7120/12-2 (Alke Sør),BARENTS SEA,,NO,122,45002.0,
7120/12-3,7120/12-3,WILDCAT,16.03.1983,,7120/12-3 (Alke Nord),BARENTS SEA,,NO,8,45008.0,
7120/12-4,7120/12-4,WILDCAT,18.02.1984,,,BARENTS SEA,,NO,99,,
7120/12-5,7120/12-5,WILDCAT,17.10.2010,,,BARENTS SEA,,NO,6478,,
7121/1-1,7121/1-1,WILDCAT,10.10.1985,,,BARENTS SEA,,NO,521,,
7121/1-1 R,7121/1-1,WILDCAT,18.03.1986,,,BARENTS SEA,,YES,896,,
7121/4-1,7121/4-1,WILDCAT,06.08.1984,SNØHVIT,7121/4-1 SNØHVIT,BARENTS SEA,,NO,135,45038.0,2053062.0
7121/4-2,7121/4-2,WILDCAT,29.01.1985,SNØHVIT,7121/4-2 SNØHVIT NORD,BARENTS SEA,,NO,461,45044.0,2053062.0
7121/5-2,7121/5-2,WILDCAT,26.05.1986,,7121/5-2 (Snøhvit Beta),BARENTS SEA,,NO,907,45050.0,
7121/5-3,7121/5-3,WILDCAT,16.02.2001,,,BARENTS SEA,,NO,4244,,
7121/7-2,7121/7-2,WILDCAT,07.07.1986,SNØHVIT,7121/7-2 ALBATROSS SØR,BARENTS SEA,,NO,881,45062.0,2053062.0
7121/9-1,7121/9-1,WILDCAT,15.10.2011,,,BARENTS SEA,,NO,6728,,
7122/2-1,7122/2-1,WILDCAT,07.10.1992,,,BARENTS SEA,,NO,2018,,
7122/4-1,7122/4-1,WILDCAT,13.11.1991,,,BARENTS SEA,,NO,1869,,
7122/6-1,7122/6-1,WILDCAT,06.09.1987,,7122/6-1 (Tornerose),BARENTS SEA,,NO,1140,45068.0,
7122/7-1,7122/7-1,WILDCAT,16.09.2000,GOLIAT,7122/7-1 GOLIAT,BARENTS SEA,,NO,4173,1340775.0,5774394.0
7122/7-3,7122/7-3,WILDCAT,24.10.2005,GOLIAT,7122/7-3,BARENTS SEA,,NO,5214,4001397.0,5774394.0
7122/7-4 S,7122/7-4,WILDCAT,21.09.2006,GOLIAT,7122/7-4 S KLAPPMYS,BARENTS SEA,,NO,5406,4213452.0,5774394.0
7122/7-5,7122/7-5,WILDCAT,28.11.2006,,,BARENTS SEA,,NO,5439,,
7124/3-1,7124/3-1,WILDCAT,29.05.1987,,7124/3-1 (Bamse),BARENTS SEA,,NO,1066,45074.0,
7124/4-1 S,7124/4-1,WILDCAT,16.09.2011,,,BARENTS SEA,,NO,6678,,
7125/1-1,7125/1-1,WILDCAT,30.11.1988,,7125/1-1 (Binne),BARENTS SEA,,NO,1350,4055254.0,
7125/4-1,7125/4-1,WILDCAT,17.01.2007,,7125/4-1 (Nucula),BARENTS SEA,,NO,5450,4445929.0,
7125/4-3,7125/4-3,WILDCAT,02.09.2014,,,BARENTS SEA,,NO,7543,,
7128/4-1,7128/4-1,WILDCAT,17.12.1993,,7128/4-1 (Omd Vest),BARENTS SEA,,NO,2049,45080.0,
7128/6-1,7128/6-1,WILDCAT,11.08.1991,,,BARENTS SEA,,NO,1836,,
7130/4-1,7130/4-1,WILDCAT,22.11.2015,,7130/4-1,BARENTS SEA,,NO,7788,27395608.0,
7131/4-1,7131/4-1,WILDCAT,02.04.2005,,,BARENTS SEA,,NO,5093,,
7216/11-1 S,7216/11-1,WILDCAT,24.07.2000,,,BARENTS SEA,,NO,4129,,
7218/8-1,7218/8-1,WILDCAT,03.03.2014,,,BARENTS SEA,,NO,7413,,
7218/11-1,7218/11-1,WILDCAT,05.03.2013,,,BARENTS SEA,,NO,7114,,
7219/8-1 S,7219/8-1,WILDCAT,05.10.1992,,,BARENTS SEA,,NO,2031,,
7219/8-2,7219/8-2,WILDCAT,16.07.2013,,7219/8-2 (Iskrystall),BARENTS SEA,,NO,7225,23762803.0,
7219/9-1,7219/9-1,WILDCAT,17.11.1987,,,BARENTS SEA,,NO,1138,,
7220/2-1,7220/2-1,WILDCAT,26.09.2014,,7220/2-1 (Isfjell),BARENTS SEA,,NO,7558,25165539.0,
7220/4-1,7220/4-1,WILDCAT,22.12.2013,,7220/4-1 (Kramsnø),BARENTS SEA,,NO,7307,24567434.0,
7220/5-2,7220/5-2,WILDCAT,19.05.2013,,7220/5-2 (Nunatak),BARENTS SEA,,NO,7166,23411997.0,
7220/6-1,7220/6-1,WILDCAT,20.01.2005,,,BARENTS SEA,,NO,5039,,
7220/6-2,7220/6-2,WILDCAT,02.10.2015,,,BARENTS SEA,,NO,7748,,
7220/7-1,7220/7-1,WILDCAT,05.12.2011,,7220/7-1 JOHAN CASTBERG,BARENTS SEA,,NO,6756,21334480.0,
7220/7-2 S,7220/7-2,WILDCAT,02.10.2013,,7220/7-2 S (Skavl),BARENTS SEA,,NO,7252,23873319.0,
7220/7-3 S,7220/7-3,WILDCAT,28.02.2014,,,BARENTS SEA,,NO,7414,,
7220/8-1,7220/8-1,WILDCAT,27.02.2011,,7220/8-1 JOHAN CASTBERG,BARENTS SEA,,NO,6484,20441001.0,
7220/10-1,7220/10-1,WILDCAT,13.08.2012,,7220/10-1 (Salina),BARENTS SEA,,NO,7015,22468264.0,
7220/11-1,7220/11-1,WILDCAT,05.08.2014,,7220/11-1 (Alta),BARENTS SEA,,NO,7503,25288497.0,
7222/1-1,7222/1-1,WILDCAT,14.06.2016,,,BARENTS SEA,,NO,7987,,
7222/6-1 S,7222/6-1,WILDCAT,07.01.2008,,7222/6-1 S (Obesum),BARENTS SEA,,NO,5755,4972681.0,
7222/11-1,7222/11-1,WILDCAT,24.08.2008,,7222/11-1 (Caurus),BARENTS SEA,,NO,5916,5081995.0,
7222/11-2,7222/11-2,WILDCAT,14.01.2014,,7222/11-2 (Langlitinden),BARENTS SEA,,NO,7317,24612286.0,
7223/5-1,7223/5-1,WILDCAT,05.12.2008,,7223/5-1,BARENTS SEA,,NO,5960,18400160.0,
7224/2-1,7224/2-1,WILDCAT,11.01.2016,,,BARENTS SEA,,NO,7870,,
7224/6-1,7224/6-1,WILDCAT,22.07.2008,,7224/6-1 (Arenaria),BARENTS SEA,,NO,5835,5010074.0,
7224/7-1,7224/7-1,WILDCAT,13.04.1988,,,BARENTS SEA,,NO,1245,,
7225/3-1,7225/3-1,WILDCAT,30.04.2011,,7225/3-1 (Norvarg),BARENTS SEA,,NO,6587,20499790.0,
7226/2-1,7226/2-1,WILDCAT,18.05.2008,,7226/2-1 (Ververis),BARENTS SEA,,NO,5807,5010034.0,
7226/11-1,7226/11-1,WILDCAT,22.10.1987,,7226/11-1,BARENTS SEA,,NO,1177,45086.0,
7227/10-1,7227/10-1,WILDCAT,12.10.2014,,,BARENTS SEA,,NO,7589,,
7227/11-1 A,7227/11-1,WILDCAT,24.02.2006,,,BARENTS SEA,,NO,5287,,
7227/11-1 S,7227/11-1,WILDCAT,13.01.2006,,,BARENTS SEA,,NO,5006,,
7228/1-1,7228/1-1,WILDCAT,29.03.2012,,,BARENTS SEA,,NO,6820,,
7228/2-1 S,7228/2-1,WILDCAT,21.08.1989,,,BARENTS SEA,,NO,1460,,
7228/7-1 A,7228/7-1,WILDCAT,08.01.2001,,7228/7-1 (Pandora),BARENTS SEA,,NO,4257,1630384.0,
7228/7-1 S,7228/7-1,WILDCAT,05.12.2000,,,BARENTS SEA,,NO,3015,,
7228/9-1 S,7228/9-1,WILDCAT,22.12.1989,,,BARENTS SEA,,NO,1486,,
7229/11-1,7229/11-1,WILDCAT,09.08.1993,,,BARENTS SEA,,NO,1643,,
7316/5-1,7316/5-1,WILDCAT,21.07.1992,,7316/5-1,BARENTS SEA,,NO,1987,45092.0,
7319/12-1,7319/12-1,WILDCAT,19.08.2014,,7319/12-1 (Pingvin),BARENTS SEA,,NO,7555,25143600.0,
7321/7-1,7321/7-1,WILDCAT,26.06.1988,,,BARENTS SEA,,NO,1284,,
7321/8-1,7321/8-1,WILDCAT,23.06.1987,,,BARENTS SEA,,NO,1070,,
7321/9-1,7321/9-1,WILDCAT,25.10.1988,,,BARENTS SEA,,NO,1339,,
7324/2-1,7324/2-1,WILDCAT,01.06.2014,,,BARENTS SEA,,NO,7481,,
7324/7-1 S,7324/7-1,WILDCAT,20.09.2013,,,BARENTS SEA,,NO,7222,,
7324/7-2,7324/7-2,WILDCAT,13.04.2014,,7324/7-2 (Hanssen),BARENTS SEA,,NO,7450,24700556.0,
7324/8-1,7324/8-1,WILDCAT,10.08.2013,,7324/8-1 (Wisting),BARENTS SEA,,NO,7221,23761893.0,
7324/8-2,7324/8-2,WILDCAT,26.04.2015,,,BARENTS SEA,,NO,7681,,
7324/9-1,7324/9-1,WILDCAT,22.07.2014,,7324/9-1 (Mercury),BARENTS SEA,,NO,7527,24700566.0,
7324/10-1,7324/10-1,WILDCAT,03.06.1989,,,BARENTS SEA,,NO,1411,,
7325/1-1,7325/1-1,WILDCAT,23.06.2014,,7325/1-1 (Atlantis),BARENTS SEA,,NO,7501,24689817.0,
